"","date","jour","ferie","vacances","pont","mois","travaux_ete","ferie_semaine","ferie_weekend","travaux_ete_semaine","travaux_ete_weekend","pont_semaine","gratuite","greves_ratp","confinement","deconfinement","travaux_m1_semaine","travaux_m1_weekend","vacances_semaine","vacances_weekend"
"1",2015-01-01,"Jeudi",1,1,0,"01",0,1,0,0,0,0,1,0,0,0,0,0,1,0
"2",2015-01-02,"Vendredi",0,1,1,"01",0,0,0,0,0,1,0,0,0,0,0,0,1,0
"3",2015-01-03,"Samedi",0,1,0,"01",0,0,0,0,0,0,0,0,0,0,0,0,0,1
"4",2015-01-04,"Dimanche",0,1,0,"01",0,0,0,0,0,0,0,0,0,0,0,0,0,1
"5",2015-01-05,"Lundi",0,0,0,"01",0,0,0,0,0,0,0,0,0,0,0,0,0,0
"6",2015-01-06,"Mardi",0,0,0,"01",0,0,0,0,0,0,0,0,0,0,0,0,0,0
"7",2015-01-07,"Mercredi",0,0,0,"01",0,0,0,0,0,0,0,0,0,0,0,0,0,0
"8",2015-01-08,"Jeudi",0,0,0,"01",0,0,0,0,0,0,0,0,0,0,0,0,0,0
"9",2015-01-09,"Vendredi",0,0,0,"01",0,0,0,0,0,0,0,0,0,0,0,0,0,0
"10",2015-01-10,"Samedi",0,0,0,"01",0,0,0,0,0,0,0,0,0,0,0,0,0,0
"11",2015-01-11,"Dimanche",0,0,0,"01",0,0,0,0,0,0,1,0,0,0,0,0,0,0
"12",2015-01-12,"Lundi",0,0,0,"01",0,0,0,0,0,0,0,0,0,0,0,0,0,0
"13",2015-01-13,"Mardi",0,0,0,"01",0,0,0,0,0,0,0,0,0,0,0,0,0,0
"14",2015-01-14,"Mercredi",0,0,0,"01",0,0,0,0,0,0,0,0,0,0,0,0,0,0
"15",2015-01-15,"Jeudi",0,0,0,"01",0,0,0,0,0,0,0,0,0,0,0,0,0,0
"16",2015-01-16,"Vendredi",0,0,0,"01",0,0,0,0,0,0,0,0,0,0,0,0,0,0
"17",2015-01-17,"Samedi",0,0,0,"01",0,0,0,0,0,0,0,0,0,0,0,0,0,0
"18",2015-01-18,"Dimanche",0,0,0,"01",0,0,0,0,0,0,0,0,0,0,0,0,0,0
"19",2015-01-19,"Lundi",0,0,0,"01",0,0,0,0,0,0,0,0,0,0,0,0,0,0
"20",2015-01-20,"Mardi",0,0,0,"01",0,0,0,0,0,0,0,0,0,0,0,0,0,0
"21",2015-01-21,"Mercredi",0,0,0,"01",0,0,0,0,0,0,0,0,0,0,0,0,0,0
"22",2015-01-22,"Jeudi",0,0,0,"01",0,0,0,0,0,0,0,0,0,0,0,0,0,0
"23",2015-01-23,"Vendredi",0,0,0,"01",0,0,0,0,0,0,0,0,0,0,0,0,0,0
"24",2015-01-24,"Samedi",0,0,0,"01",0,0,0,0,0,0,0,0,0,0,0,0,0,0
"25",2015-01-25,"Dimanche",0,0,0,"01",0,0,0,0,0,0,0,0,0,0,0,0,0,0
"26",2015-01-26,"Lundi",0,0,0,"01",0,0,0,0,0,0,0,0,0,0,0,0,0,0
"27",2015-01-27,"Mardi",0,0,0,"01",0,0,0,0,0,0,0,0,0,0,0,0,0,0
"28",2015-01-28,"Mercredi",0,0,0,"01",0,0,0,0,0,0,0,0,0,0,0,0,0,0
"29",2015-01-29,"Jeudi",0,0,0,"01",0,0,0,0,0,0,0,1,0,0,0,0,0,0
"30",2015-01-30,"Vendredi",0,0,0,"01",0,0,0,0,0,0,0,0,0,0,0,0,0,0
"31",2015-01-31,"Samedi",0,0,0,"01",0,0,0,0,0,0,0,0,0,0,0,0,0,0
"32",2015-02-01,"Dimanche",0,0,0,"02",0,0,0,0,0,0,0,0,0,0,0,0,0,0
"33",2015-02-02,"Lundi",0,0,0,"02",0,0,0,0,0,0,0,0,0,0,0,0,0,0
"34",2015-02-03,"Mardi",0,0,0,"02",0,0,0,0,0,0,0,0,0,0,0,0,0,0
"35",2015-02-04,"Mercredi",0,0,0,"02",0,0,0,0,0,0,0,0,0,0,0,0,0,0
"36",2015-02-05,"Jeudi",0,0,0,"02",0,0,0,0,0,0,0,0,0,0,0,0,0,0
"37",2015-02-06,"Vendredi",0,0,0,"02",0,0,0,0,0,0,0,0,0,0,0,0,0,0
"38",2015-02-07,"Samedi",0,0,0,"02",0,0,0,0,0,0,0,0,0,0,0,0,0,0
"39",2015-02-08,"Dimanche",0,0,0,"02",0,0,0,0,0,0,0,0,0,0,0,0,0,0
"40",2015-02-09,"Lundi",0,0,0,"02",0,0,0,0,0,0,0,0,0,0,0,0,0,0
"41",2015-02-10,"Mardi",0,0,0,"02",0,0,0,0,0,0,0,0,0,0,0,0,0,0
"42",2015-02-11,"Mercredi",0,0,0,"02",0,0,0,0,0,0,0,0,0,0,0,0,0,0
"43",2015-02-12,"Jeudi",0,0,0,"02",0,0,0,0,0,0,0,0,0,0,0,0,0,0
"44",2015-02-13,"Vendredi",0,0,0,"02",0,0,0,0,0,0,0,0,0,0,0,0,0,0
"45",2015-02-14,"Samedi",0,0,0,"02",0,0,0,0,0,0,0,0,0,0,0,0,0,0
"46",2015-02-15,"Dimanche",0,1,0,"02",0,0,0,0,0,0,0,0,0,0,0,0,0,1
"47",2015-02-16,"Lundi",0,1,0,"02",0,0,0,0,0,0,0,0,0,0,0,0,1,0
"48",2015-02-17,"Mardi",0,1,0,"02",0,0,0,0,0,0,0,0,0,0,0,0,1,0
"49",2015-02-18,"Mercredi",0,1,0,"02",0,0,0,0,0,0,0,0,0,0,0,0,1,0
"50",2015-02-19,"Jeudi",0,1,0,"02",0,0,0,0,0,0,0,0,0,0,0,0,1,0
"51",2015-02-20,"Vendredi",0,1,0,"02",0,0,0,0,0,0,0,0,0,0,0,0,1,0
"52",2015-02-21,"Samedi",0,1,0,"02",0,0,0,0,0,0,0,0,0,0,0,0,0,1
"53",2015-02-22,"Dimanche",0,1,0,"02",0,0,0,0,0,0,0,0,0,0,0,0,0,1
"54",2015-02-23,"Lundi",0,1,0,"02",0,0,0,0,0,0,0,0,0,0,0,0,1,0
"55",2015-02-24,"Mardi",0,1,0,"02",0,0,0,0,0,0,0,0,0,0,0,0,1,0
"56",2015-02-25,"Mercredi",0,1,0,"02",0,0,0,0,0,0,0,0,0,0,0,0,1,0
"57",2015-02-26,"Jeudi",0,1,0,"02",0,0,0,0,0,0,0,0,0,0,0,0,1,0
"58",2015-02-27,"Vendredi",0,1,0,"02",0,0,0,0,0,0,0,0,0,0,0,0,1,0
"59",2015-02-28,"Samedi",0,1,0,"02",0,0,0,0,0,0,0,0,0,0,0,0,0,1
"60",2015-03-01,"Dimanche",0,1,0,"03",0,0,0,0,0,0,0,0,0,0,0,0,0,1
"61",2015-03-02,"Lundi",0,0,0,"03",0,0,0,0,0,0,0,0,0,0,0,0,0,0
"62",2015-03-03,"Mardi",0,0,0,"03",0,0,0,0,0,0,0,0,0,0,0,0,0,0
"63",2015-03-04,"Mercredi",0,0,0,"03",0,0,0,0,0,0,0,0,0,0,0,0,0,0
"64",2015-03-05,"Jeudi",0,0,0,"03",0,0,0,0,0,0,0,0,0,0,0,0,0,0
"65",2015-03-06,"Vendredi",0,0,0,"03",0,0,0,0,0,0,0,0,0,0,0,0,0,0
"66",2015-03-07,"Samedi",0,0,0,"03",0,0,0,0,0,0,0,0,0,0,0,0,0,0
"67",2015-03-08,"Dimanche",0,0,0,"03",0,0,0,0,0,0,0,0,0,0,0,0,0,0
"68",2015-03-09,"Lundi",0,0,0,"03",0,0,0,0,0,0,0,0,0,0,0,0,0,0
"69",2015-03-10,"Mardi",0,0,0,"03",0,0,0,0,0,0,0,0,0,0,0,0,0,0
"70",2015-03-11,"Mercredi",0,0,0,"03",0,0,0,0,0,0,0,0,0,0,0,0,0,0
"71",2015-03-12,"Jeudi",0,0,0,"03",0,0,0,0,0,0,0,0,0,0,0,0,0,0
"72",2015-03-13,"Vendredi",0,0,0,"03",0,0,0,0,0,0,0,0,0,0,0,0,0,0
"73",2015-03-14,"Samedi",0,0,0,"03",0,0,0,0,0,0,0,0,0,0,0,0,0,0
"74",2015-03-15,"Dimanche",0,0,0,"03",0,0,0,0,0,0,0,0,0,0,0,0,0,0
"75",2015-03-16,"Lundi",0,0,0,"03",0,0,0,0,0,0,0,0,0,0,0,0,0,0
"76",2015-03-17,"Mardi",0,0,0,"03",0,0,0,0,0,0,0,0,0,0,0,0,0,0
"77",2015-03-18,"Mercredi",0,0,0,"03",0,0,0,0,0,0,0,0,0,0,0,0,0,0
"78",2015-03-19,"Jeudi",0,0,0,"03",0,0,0,0,0,0,0,0,0,0,0,0,0,0
"79",2015-03-20,"Vendredi",0,0,0,"03",0,0,0,0,0,0,0,0,0,0,0,0,0,0
"80",2015-03-21,"Samedi",0,0,0,"03",0,0,0,0,0,0,1,0,0,0,0,0,0,0
"81",2015-03-22,"Dimanche",0,0,0,"03",0,0,0,0,0,0,1,0,0,0,0,0,0,0
"82",2015-03-23,"Lundi",0,0,0,"03",0,0,0,0,0,0,1,0,0,0,0,0,0,0
"83",2015-03-24,"Mardi",0,0,0,"03",0,0,0,0,0,0,0,0,0,0,0,0,0,0
"84",2015-03-25,"Mercredi",0,0,0,"03",0,0,0,0,0,0,0,0,0,0,0,0,0,0
"85",2015-03-26,"Jeudi",0,0,0,"03",0,0,0,0,0,0,0,0,0,0,0,0,0,0
"86",2015-03-27,"Vendredi",0,0,0,"03",0,0,0,0,0,0,0,0,0,0,0,0,0,0
"87",2015-03-28,"Samedi",0,0,0,"03",0,0,0,0,0,0,0,0,0,0,0,0,0,0
"88",2015-03-29,"Dimanche",0,0,0,"03",0,0,0,0,0,0,0,0,0,0,0,0,0,0
"89",2015-03-30,"Lundi",0,0,0,"03",0,0,0,0,0,0,0,0,0,0,0,0,0,0
"90",2015-03-31,"Mardi",0,0,0,"03",0,0,0,0,0,0,0,0,0,0,0,0,0,0
"91",2015-04-01,"Mercredi",0,0,0,"04",0,0,0,0,0,0,0,0,0,0,0,0,0,0
"92",2015-04-02,"Jeudi",0,0,0,"04",0,0,0,0,0,0,0,0,0,0,0,0,0,0
"93",2015-04-03,"Vendredi",0,0,0,"04",0,0,0,0,0,0,0,0,0,0,0,0,0,0
"94",2015-04-04,"Samedi",0,0,0,"04",0,0,0,0,0,0,0,0,0,0,0,0,0,0
"95",2015-04-05,"Dimanche",0,0,0,"04",0,0,0,0,0,0,0,0,0,0,0,0,0,0
"96",2015-04-06,"Lundi",1,0,0,"04",0,1,0,0,0,0,0,0,0,0,0,0,0,0
"97",2015-04-07,"Mardi",0,0,0,"04",0,0,0,0,0,0,0,0,0,0,0,0,0,0
"98",2015-04-08,"Mercredi",0,0,0,"04",0,0,0,0,0,0,0,0,0,0,0,0,0,0
"99",2015-04-09,"Jeudi",0,0,0,"04",0,0,0,0,0,0,0,0,0,0,0,0,0,0
"100",2015-04-10,"Vendredi",0,0,0,"04",0,0,0,0,0,0,0,0,0,0,0,0,0,0
"101",2015-04-11,"Samedi",0,0,0,"04",0,0,0,0,0,0,0,0,0,0,0,0,0,0
"102",2015-04-12,"Dimanche",0,0,0,"04",0,0,0,0,0,0,0,0,0,0,0,0,0,0
"103",2015-04-13,"Lundi",0,0,0,"04",0,0,0,0,0,0,0,0,0,0,0,0,0,0
"104",2015-04-14,"Mardi",0,0,0,"04",0,0,0,0,0,0,0,0,0,0,0,0,0,0
"105",2015-04-15,"Mercredi",0,0,0,"04",0,0,0,0,0,0,0,0,0,0,0,0,0,0
"106",2015-04-16,"Jeudi",0,0,0,"04",0,0,0,0,0,0,0,0,0,0,0,0,0,0
"107",2015-04-17,"Vendredi",0,0,0,"04",0,0,0,0,0,0,0,0,0,0,0,0,0,0
"108",2015-04-18,"Samedi",0,0,0,"04",0,0,0,0,0,0,0,0,0,0,0,0,0,0
"109",2015-04-19,"Dimanche",0,1,0,"04",0,0,0,0,0,0,0,0,0,0,0,0,0,1
"110",2015-04-20,"Lundi",0,1,0,"04",0,0,0,0,0,0,0,0,0,0,0,0,1,0
"111",2015-04-21,"Mardi",0,1,0,"04",0,0,0,0,0,0,0,0,0,0,0,0,1,0
"112",2015-04-22,"Mercredi",0,1,0,"04",0,0,0,0,0,0,0,0,0,0,0,0,1,0
"113",2015-04-23,"Jeudi",0,1,0,"04",0,0,0,0,0,0,0,0,0,0,0,0,1,0
"114",2015-04-24,"Vendredi",0,1,0,"04",0,0,0,0,0,0,0,0,0,0,0,0,1,0
"115",2015-04-25,"Samedi",0,1,0,"04",0,0,0,0,0,0,0,0,0,0,0,0,0,1
"116",2015-04-26,"Dimanche",0,1,0,"04",0,0,0,0,0,0,0,0,0,0,0,0,0,1
"117",2015-04-27,"Lundi",0,1,0,"04",0,0,0,0,0,0,0,0,0,0,0,0,1,0
"118",2015-04-28,"Mardi",0,1,0,"04",0,0,0,0,0,0,0,0,0,0,0,0,1,0
"119",2015-04-29,"Mercredi",0,1,0,"04",0,0,0,0,0,0,0,0,0,0,0,0,1,0
"120",2015-04-30,"Jeudi",0,1,0,"04",0,0,0,0,0,0,0,0,0,0,0,0,1,0
"121",2015-05-01,"Vendredi",1,1,0,"05",0,1,0,0,0,0,0,0,0,0,0,0,1,0
"122",2015-05-02,"Samedi",0,1,0,"05",0,0,0,0,0,0,0,0,0,0,0,0,0,1
"123",2015-05-03,"Dimanche",0,1,0,"05",0,0,0,0,0,0,0,0,0,0,0,0,0,1
"124",2015-05-04,"Lundi",0,0,0,"05",0,0,0,0,0,0,0,0,0,0,0,0,0,0
"125",2015-05-05,"Mardi",0,0,0,"05",0,0,0,0,0,0,0,0,0,0,0,0,0,0
"126",2015-05-06,"Mercredi",0,0,0,"05",0,0,0,0,0,0,0,0,0,0,0,0,0,0
"127",2015-05-07,"Jeudi",0,0,0,"05",0,0,0,0,0,0,0,0,0,0,0,0,0,0
"128",2015-05-08,"Vendredi",1,0,0,"05",0,1,0,0,0,0,0,0,0,0,0,0,0,0
"129",2015-05-09,"Samedi",0,0,0,"05",0,0,0,0,0,0,0,0,0,0,0,0,0,0
"130",2015-05-10,"Dimanche",0,0,0,"05",0,0,0,0,0,0,0,0,0,0,0,0,0,0
"131",2015-05-11,"Lundi",0,0,0,"05",0,0,0,0,0,0,0,0,0,0,0,0,0,0
"132",2015-05-12,"Mardi",0,0,0,"05",0,0,0,0,0,0,0,0,0,0,0,0,0,0
"133",2015-05-13,"Mercredi",0,0,0,"05",0,0,0,0,0,0,0,0,0,0,0,0,0,0
"134",2015-05-14,"Jeudi",1,0,0,"05",0,1,0,0,0,0,0,0,0,0,0,0,0,0
"135",2015-05-15,"Vendredi",0,0,1,"05",0,0,0,0,0,1,0,0,0,0,0,0,0,0
"136",2015-05-16,"Samedi",0,0,0,"05",0,0,0,0,0,0,0,0,0,0,0,0,0,0
"137",2015-05-17,"Dimanche",0,0,0,"05",0,0,0,0,0,0,0,0,0,0,0,0,0,0
"138",2015-05-18,"Lundi",0,0,0,"05",0,0,0,0,0,0,0,0,0,0,0,0,0,0
"139",2015-05-19,"Mardi",0,0,0,"05",0,0,0,0,0,0,0,0,0,0,0,0,0,0
"140",2015-05-20,"Mercredi",0,0,0,"05",0,0,0,0,0,0,0,0,0,0,0,0,0,0
"141",2015-05-21,"Jeudi",0,0,0,"05",0,0,0,0,0,0,0,0,0,0,0,0,0,0
"142",2015-05-22,"Vendredi",0,0,0,"05",0,0,0,0,0,0,0,0,0,0,0,0,0,0
"143",2015-05-23,"Samedi",0,0,0,"05",0,0,0,0,0,0,0,0,0,0,0,0,0,0
"144",2015-05-24,"Dimanche",0,0,0,"05",0,0,0,0,0,0,0,0,0,0,0,0,0,0
"145",2015-05-25,"Lundi",1,0,0,"05",0,1,0,0,0,0,0,0,0,0,0,0,0,0
"146",2015-05-26,"Mardi",0,0,0,"05",0,0,0,0,0,0,0,0,0,0,0,0,0,0
"147",2015-05-27,"Mercredi",0,0,0,"05",0,0,0,0,0,0,0,0,0,0,0,0,0,0
"148",2015-05-28,"Jeudi",0,0,0,"05",0,0,0,0,0,0,0,0,0,0,0,0,0,0
"149",2015-05-29,"Vendredi",0,0,0,"05",0,0,0,0,0,0,0,0,0,0,0,0,0,0
"150",2015-05-30,"Samedi",0,0,0,"05",0,0,0,0,0,0,0,0,0,0,0,0,0,0
"151",2015-05-31,"Dimanche",0,0,0,"05",0,0,0,0,0,0,0,0,0,0,0,0,0,0
"152",2015-06-01,"Lundi",0,0,0,"06",0,0,0,0,0,0,0,0,0,0,0,0,0,0
"153",2015-06-02,"Mardi",0,0,0,"06",0,0,0,0,0,0,0,0,0,0,0,0,0,0
"154",2015-06-03,"Mercredi",0,0,0,"06",0,0,0,0,0,0,0,0,0,0,0,0,0,0
"155",2015-06-04,"Jeudi",0,0,0,"06",0,0,0,0,0,0,0,0,0,0,0,0,0,0
"156",2015-06-05,"Vendredi",0,0,0,"06",0,0,0,0,0,0,0,0,0,0,0,0,0,0
"157",2015-06-06,"Samedi",0,0,0,"06",0,0,0,0,0,0,0,0,0,0,0,0,0,0
"158",2015-06-07,"Dimanche",0,0,0,"06",0,0,0,0,0,0,0,0,0,0,0,0,0,0
"159",2015-06-08,"Lundi",0,0,0,"06",0,0,0,0,0,0,0,0,0,0,0,0,0,0
"160",2015-06-09,"Mardi",0,0,0,"06",0,0,0,0,0,0,0,0,0,0,0,0,0,0
"161",2015-06-10,"Mercredi",0,0,0,"06",0,0,0,0,0,0,0,0,0,0,0,0,0,0
"162",2015-06-11,"Jeudi",0,0,0,"06",0,0,0,0,0,0,0,0,0,0,0,0,0,0
"163",2015-06-12,"Vendredi",0,0,0,"06",0,0,0,0,0,0,0,0,0,0,0,0,0,0
"164",2015-06-13,"Samedi",0,0,0,"06",0,0,0,0,0,0,0,0,0,0,0,0,0,0
"165",2015-06-14,"Dimanche",0,0,0,"06",0,0,0,0,0,0,0,0,0,0,0,0,0,0
"166",2015-06-15,"Lundi",0,0,0,"06",0,0,0,0,0,0,0,0,0,0,0,0,0,0
"167",2015-06-16,"Mardi",0,0,0,"06",0,0,0,0,0,0,0,0,0,0,0,0,0,0
"168",2015-06-17,"Mercredi",0,0,0,"06",0,0,0,0,0,0,0,1,0,0,0,0,0,0
"169",2015-06-18,"Jeudi",0,0,0,"06",0,0,0,0,0,0,0,0,0,0,0,0,0,0
"170",2015-06-19,"Vendredi",0,0,0,"06",0,0,0,0,0,0,0,0,0,0,0,0,0,0
"171",2015-06-20,"Samedi",0,0,0,"06",0,0,0,0,0,0,0,0,0,0,0,0,0,0
"172",2015-06-21,"Dimanche",0,0,0,"06",0,0,0,0,0,0,0,0,0,0,0,0,0,0
"173",2015-06-22,"Lundi",0,0,0,"06",0,0,0,0,0,0,0,0,0,0,0,0,0,0
"174",2015-06-23,"Mardi",0,0,0,"06",0,0,0,0,0,0,0,0,0,0,0,0,0,0
"175",2015-06-24,"Mercredi",0,0,0,"06",0,0,0,0,0,0,0,0,0,0,0,0,0,0
"176",2015-06-25,"Jeudi",0,0,0,"06",0,0,0,0,0,0,0,0,0,0,0,0,0,0
"177",2015-06-26,"Vendredi",0,0,0,"06",0,0,0,0,0,0,0,0,0,0,0,0,0,0
"178",2015-06-27,"Samedi",0,0,0,"06",0,0,0,0,0,0,0,0,0,0,0,0,0,0
"179",2015-06-28,"Dimanche",0,0,0,"06",0,0,0,0,0,0,0,0,0,0,0,0,0,0
"180",2015-06-29,"Lundi",0,0,0,"06",0,0,0,0,0,0,0,0,0,0,0,0,0,0
"181",2015-06-30,"Mardi",0,0,0,"06",0,0,0,0,0,0,0,0,0,0,0,0,0,0
"182",2015-07-01,"Mercredi",0,0,0,"07",0,0,0,0,0,0,0,0,0,0,0,0,0,0
"183",2015-07-02,"Jeudi",0,0,0,"07",0,0,0,0,0,0,0,0,0,0,0,0,0,0
"184",2015-07-03,"Vendredi",0,0,0,"07",0,0,0,0,0,0,0,0,0,0,0,0,0,0
"185",2015-07-04,"Samedi",0,0,0,"07",0,0,0,0,0,0,0,0,0,0,0,0,0,0
"186",2015-07-05,"Dimanche",0,1,0,"07",0,0,0,0,0,0,0,0,0,0,0,0,0,1
"187",2015-07-06,"Lundi",0,1,0,"07",0,0,0,0,0,0,0,0,0,0,0,0,1,0
"188",2015-07-07,"Mardi",0,1,0,"07",0,0,0,0,0,0,0,0,0,0,0,0,1,0
"189",2015-07-08,"Mercredi",0,1,0,"07",0,0,0,0,0,0,0,0,0,0,0,0,1,0
"190",2015-07-09,"Jeudi",0,1,0,"07",0,0,0,0,0,0,0,0,0,0,0,0,1,0
"191",2015-07-10,"Vendredi",0,1,0,"07",0,0,0,0,0,0,0,0,0,0,0,0,1,0
"192",2015-07-11,"Samedi",0,1,0,"07",0,0,0,0,0,0,0,0,0,0,0,0,0,1
"193",2015-07-12,"Dimanche",0,1,0,"07",0,0,0,0,0,0,0,0,0,0,0,0,0,1
"194",2015-07-13,"Lundi",0,1,1,"07",0,0,0,0,0,1,0,0,0,0,0,0,1,0
"195",2015-07-14,"Mardi",1,1,0,"07",0,1,0,0,0,0,0,0,0,0,0,0,1,0
"196",2015-07-15,"Mercredi",0,1,0,"07",0,0,0,0,0,0,0,0,0,0,0,0,1,0
"197",2015-07-16,"Jeudi",0,1,0,"07",0,0,0,0,0,0,0,0,0,0,0,0,1,0
"198",2015-07-17,"Vendredi",0,1,0,"07",0,0,0,0,0,0,0,0,0,0,0,0,1,0
"199",2015-07-18,"Samedi",0,1,0,"07",0,0,0,0,0,0,0,0,0,0,0,0,0,1
"200",2015-07-19,"Dimanche",0,1,0,"07",0,0,0,0,0,0,0,0,0,0,0,0,0,1
"201",2015-07-20,"Lundi",0,1,0,"07",0,0,0,0,0,0,0,0,0,0,0,0,1,0
"202",2015-07-21,"Mardi",0,1,0,"07",0,0,0,0,0,0,0,0,0,0,0,0,1,0
"203",2015-07-22,"Mercredi",0,1,0,"07",0,0,0,0,0,0,0,0,0,0,0,0,1,0
"204",2015-07-23,"Jeudi",0,1,0,"07",0,0,0,0,0,0,0,0,0,0,0,0,1,0
"205",2015-07-24,"Vendredi",0,1,0,"07",0,0,0,0,0,0,0,0,0,0,0,0,1,0
"206",2015-07-25,"Samedi",0,1,0,"07",1,0,0,0,1,0,0,0,0,0,0,0,0,1
"207",2015-07-26,"Dimanche",0,1,0,"07",1,0,0,0,1,0,0,0,0,0,0,0,0,1
"208",2015-07-27,"Lundi",0,1,0,"07",1,0,0,1,0,0,0,0,0,0,0,0,1,0
"209",2015-07-28,"Mardi",0,1,0,"07",1,0,0,1,0,0,0,0,0,0,0,0,1,0
"210",2015-07-29,"Mercredi",0,1,0,"07",1,0,0,1,0,0,0,0,0,0,0,0,1,0
"211",2015-07-30,"Jeudi",0,1,0,"07",1,0,0,1,0,0,0,0,0,0,0,0,1,0
"212",2015-07-31,"Vendredi",0,1,0,"07",1,0,0,1,0,0,0,0,0,0,0,0,1,0
"213",2015-08-01,"Samedi",0,1,0,"08",1,0,0,0,1,0,0,0,0,0,0,0,0,1
"214",2015-08-02,"Dimanche",0,1,0,"08",1,0,0,0,1,0,0,0,0,0,0,0,0,1
"215",2015-08-03,"Lundi",0,1,0,"08",1,0,0,1,0,0,0,0,0,0,0,0,1,0
"216",2015-08-04,"Mardi",0,1,0,"08",1,0,0,1,0,0,0,0,0,0,0,0,1,0
"217",2015-08-05,"Mercredi",0,1,0,"08",1,0,0,1,0,0,0,0,0,0,0,0,1,0
"218",2015-08-06,"Jeudi",0,1,0,"08",1,0,0,1,0,0,0,0,0,0,0,0,1,0
"219",2015-08-07,"Vendredi",0,1,0,"08",1,0,0,1,0,0,0,0,0,0,0,0,1,0
"220",2015-08-08,"Samedi",0,1,0,"08",1,0,0,0,1,0,0,0,0,0,0,0,0,1
"221",2015-08-09,"Dimanche",0,1,0,"08",1,0,0,0,1,0,0,0,0,0,0,0,0,1
"222",2015-08-10,"Lundi",0,1,0,"08",1,0,0,1,0,0,0,0,0,0,0,0,1,0
"223",2015-08-11,"Mardi",0,1,0,"08",1,0,0,1,0,0,0,0,0,0,0,0,1,0
"224",2015-08-12,"Mercredi",0,1,0,"08",1,0,0,1,0,0,0,0,0,0,0,0,1,0
"225",2015-08-13,"Jeudi",0,1,0,"08",1,0,0,1,0,0,0,0,0,0,0,0,1,0
"226",2015-08-14,"Vendredi",0,1,0,"08",1,0,0,1,0,0,0,0,0,0,0,0,1,0
"227",2015-08-15,"Samedi",1,1,0,"08",1,0,1,0,1,0,0,0,0,0,0,0,0,1
"228",2015-08-16,"Dimanche",0,1,0,"08",1,0,0,0,1,0,0,0,0,0,0,0,0,1
"229",2015-08-17,"Lundi",0,1,0,"08",1,0,0,1,0,0,0,0,0,0,0,0,1,0
"230",2015-08-18,"Mardi",0,1,0,"08",1,0,0,1,0,0,0,0,0,0,0,0,1,0
"231",2015-08-19,"Mercredi",0,1,0,"08",1,0,0,1,0,0,0,0,0,0,0,0,1,0
"232",2015-08-20,"Jeudi",0,1,0,"08",1,0,0,1,0,0,0,0,0,0,0,0,1,0
"233",2015-08-21,"Vendredi",0,1,0,"08",1,0,0,1,0,0,0,0,0,0,0,0,1,0
"234",2015-08-22,"Samedi",0,1,0,"08",1,0,0,0,1,0,0,0,0,0,0,0,0,1
"235",2015-08-23,"Dimanche",0,1,0,"08",1,0,0,0,1,0,0,0,0,0,0,0,0,1
"236",2015-08-24,"Lundi",0,1,0,"08",0,0,0,0,0,0,0,0,0,0,0,0,1,0
"237",2015-08-25,"Mardi",0,1,0,"08",0,0,0,0,0,0,0,0,0,0,0,0,1,0
"238",2015-08-26,"Mercredi",0,1,0,"08",0,0,0,0,0,0,0,0,0,0,0,0,1,0
"239",2015-08-27,"Jeudi",0,1,0,"08",0,0,0,0,0,0,0,0,0,0,0,0,1,0
"240",2015-08-28,"Vendredi",0,1,0,"08",0,0,0,0,0,0,0,0,0,0,0,0,1,0
"241",2015-08-29,"Samedi",0,1,0,"08",0,0,0,0,0,0,0,0,0,0,0,0,0,1
"242",2015-08-30,"Dimanche",0,1,0,"08",0,0,0,0,0,0,0,0,0,0,0,0,0,1
"243",2015-08-31,"Lundi",0,1,0,"08",0,0,0,0,0,0,0,0,0,0,0,0,1,0
"244",2015-09-01,"Mardi",0,0,0,"09",0,0,0,0,0,0,0,0,0,0,0,0,0,0
"245",2015-09-02,"Mercredi",0,0,0,"09",0,0,0,0,0,0,0,0,0,0,0,0,0,0
"246",2015-09-03,"Jeudi",0,0,0,"09",0,0,0,0,0,0,0,0,0,0,0,0,0,0
"247",2015-09-04,"Vendredi",0,0,0,"09",0,0,0,0,0,0,0,0,0,0,0,0,0,0
"248",2015-09-05,"Samedi",0,0,0,"09",0,0,0,0,0,0,0,0,0,0,0,0,0,0
"249",2015-09-06,"Dimanche",0,0,0,"09",0,0,0,0,0,0,0,0,0,0,0,0,0,0
"250",2015-09-07,"Lundi",0,0,0,"09",0,0,0,0,0,0,0,0,0,0,0,0,0,0
"251",2015-09-08,"Mardi",0,0,0,"09",0,0,0,0,0,0,0,0,0,0,0,0,0,0
"252",2015-09-09,"Mercredi",0,0,0,"09",0,0,0,0,0,0,0,0,0,0,0,0,0,0
"253",2015-09-10,"Jeudi",0,0,0,"09",0,0,0,0,0,0,0,0,0,0,0,0,0,0
"254",2015-09-11,"Vendredi",0,0,0,"09",0,0,0,0,0,0,0,0,0,0,0,0,0,0
"255",2015-09-12,"Samedi",0,0,0,"09",0,0,0,0,0,0,0,0,0,0,0,0,0,0
"256",2015-09-13,"Dimanche",0,0,0,"09",0,0,0,0,0,0,0,0,0,0,0,0,0,0
"257",2015-09-14,"Lundi",0,0,0,"09",0,0,0,0,0,0,0,0,0,0,0,0,0,0
"258",2015-09-15,"Mardi",0,0,0,"09",0,0,0,0,0,0,0,0,0,0,0,0,0,0
"259",2015-09-16,"Mercredi",0,0,0,"09",0,0,0,0,0,0,0,0,0,0,0,0,0,0
"260",2015-09-17,"Jeudi",0,0,0,"09",0,0,0,0,0,0,0,0,0,0,0,0,0,0
"261",2015-09-18,"Vendredi",0,0,0,"09",0,0,0,0,0,0,0,0,0,0,0,0,0,0
"262",2015-09-19,"Samedi",0,0,0,"09",0,0,0,0,0,0,0,0,0,0,0,0,0,0
"263",2015-09-20,"Dimanche",0,0,0,"09",0,0,0,0,0,0,0,0,0,0,0,0,0,0
"264",2015-09-21,"Lundi",0,0,0,"09",0,0,0,0,0,0,0,0,0,0,0,0,0,0
"265",2015-09-22,"Mardi",0,0,0,"09",0,0,0,0,0,0,0,0,0,0,0,0,0,0
"266",2015-09-23,"Mercredi",0,0,0,"09",0,0,0,0,0,0,0,0,0,0,0,0,0,0
"267",2015-09-24,"Jeudi",0,0,0,"09",0,0,0,0,0,0,0,0,0,0,0,0,0,0
"268",2015-09-25,"Vendredi",0,0,0,"09",0,0,0,0,0,0,0,0,0,0,0,0,0,0
"269",2015-09-26,"Samedi",0,0,0,"09",0,0,0,0,0,0,0,0,0,0,0,0,0,0
"270",2015-09-27,"Dimanche",0,0,0,"09",0,0,0,0,0,0,0,0,0,0,0,0,0,0
"271",2015-09-28,"Lundi",0,0,0,"09",0,0,0,0,0,0,0,0,0,0,0,0,0,0
"272",2015-09-29,"Mardi",0,0,0,"09",0,0,0,0,0,0,0,0,0,0,0,0,0,0
"273",2015-09-30,"Mercredi",0,0,0,"09",0,0,0,0,0,0,0,0,0,0,0,0,0,0
"274",2015-10-01,"Jeudi",0,0,0,"10",0,0,0,0,0,0,0,0,0,0,0,0,0,0
"275",2015-10-02,"Vendredi",0,0,0,"10",0,0,0,0,0,0,0,0,0,0,0,0,0,0
"276",2015-10-03,"Samedi",0,0,0,"10",0,0,0,0,0,0,0,0,0,0,0,0,0,0
"277",2015-10-04,"Dimanche",0,0,0,"10",0,0,0,0,0,0,0,0,0,0,0,0,0,0
"278",2015-10-05,"Lundi",0,0,0,"10",0,0,0,0,0,0,0,0,0,0,0,0,0,0
"279",2015-10-06,"Mardi",0,0,0,"10",0,0,0,0,0,0,0,0,0,0,0,0,0,0
"280",2015-10-07,"Mercredi",0,0,0,"10",0,0,0,0,0,0,0,0,0,0,0,0,0,0
"281",2015-10-08,"Jeudi",0,0,0,"10",0,0,0,0,0,0,0,0,0,0,0,0,0,0
"282",2015-10-09,"Vendredi",0,0,0,"10",0,0,0,0,0,0,0,0,0,0,0,0,0,0
"283",2015-10-10,"Samedi",0,0,0,"10",0,0,0,0,0,0,0,0,0,0,0,0,0,0
"284",2015-10-11,"Dimanche",0,0,0,"10",0,0,0,0,0,0,0,0,0,0,0,0,0,0
"285",2015-10-12,"Lundi",0,0,0,"10",0,0,0,0,0,0,0,0,0,0,0,0,0,0
"286",2015-10-13,"Mardi",0,0,0,"10",0,0,0,0,0,0,0,0,0,0,0,0,0,0
"287",2015-10-14,"Mercredi",0,0,0,"10",0,0,0,0,0,0,0,0,0,0,0,0,0,0
"288",2015-10-15,"Jeudi",0,0,0,"10",0,0,0,0,0,0,0,0,0,0,0,0,0,0
"289",2015-10-16,"Vendredi",0,0,0,"10",0,0,0,0,0,0,0,0,0,0,0,0,0,0
"290",2015-10-17,"Samedi",0,0,0,"10",0,0,0,0,0,0,0,0,0,0,0,0,0,0
"291",2015-10-18,"Dimanche",0,1,0,"10",0,0,0,0,0,0,0,0,0,0,0,0,0,1
"292",2015-10-19,"Lundi",0,1,0,"10",0,0,0,0,0,0,0,0,0,0,0,0,1,0
"293",2015-10-20,"Mardi",0,1,0,"10",0,0,0,0,0,0,0,0,0,0,0,0,1,0
"294",2015-10-21,"Mercredi",0,1,0,"10",0,0,0,0,0,0,0,0,0,0,0,0,1,0
"295",2015-10-22,"Jeudi",0,1,0,"10",0,0,0,0,0,0,0,0,0,0,0,0,1,0
"296",2015-10-23,"Vendredi",0,1,0,"10",0,0,0,0,0,0,0,0,0,0,0,0,1,0
"297",2015-10-24,"Samedi",0,1,0,"10",0,0,0,0,0,0,0,0,0,0,0,0,0,1
"298",2015-10-25,"Dimanche",0,1,0,"10",0,0,0,0,0,0,0,0,0,0,0,0,0,1
"299",2015-10-26,"Lundi",0,1,0,"10",0,0,0,0,0,0,0,0,0,0,0,0,1,0
"300",2015-10-27,"Mardi",0,1,0,"10",0,0,0,0,0,0,0,0,0,0,0,0,1,0
"301",2015-10-28,"Mercredi",0,1,0,"10",0,0,0,0,0,0,0,0,0,0,0,0,1,0
"302",2015-10-29,"Jeudi",0,1,0,"10",0,0,0,0,0,0,0,0,0,0,0,0,1,0
"303",2015-10-30,"Vendredi",0,1,0,"10",0,0,0,0,0,0,0,0,0,0,0,0,1,0
"304",2015-10-31,"Samedi",0,1,0,"10",0,0,0,0,0,0,0,0,0,0,0,0,0,1
"305",2015-11-01,"Dimanche",1,1,0,"11",0,0,1,0,0,0,0,0,0,0,0,0,0,1
"306",2015-11-02,"Lundi",0,0,0,"11",0,0,0,0,0,0,0,0,0,0,0,0,0,0
"307",2015-11-03,"Mardi",0,0,0,"11",0,0,0,0,0,0,0,0,0,0,0,0,0,0
"308",2015-11-04,"Mercredi",0,0,0,"11",0,0,0,0,0,0,0,0,0,0,0,0,0,0
"309",2015-11-05,"Jeudi",0,0,0,"11",0,0,0,0,0,0,0,0,0,0,0,0,0,0
"310",2015-11-06,"Vendredi",0,0,0,"11",0,0,0,0,0,0,0,0,0,0,0,0,0,0
"311",2015-11-07,"Samedi",0,0,0,"11",0,0,0,0,0,0,0,0,0,0,0,0,0,0
"312",2015-11-08,"Dimanche",0,0,0,"11",0,0,0,0,0,0,0,0,0,0,0,0,0,0
"313",2015-11-09,"Lundi",0,0,1,"11",0,0,0,0,0,1,0,0,0,0,0,0,0,0
"314",2015-11-10,"Mardi",0,0,1,"11",0,0,0,0,0,1,0,0,0,0,0,0,0,0
"315",2015-11-11,"Mercredi",1,0,0,"11",0,1,0,0,0,0,0,0,0,0,0,0,0,0
"316",2015-11-12,"Jeudi",0,0,1,"11",0,0,0,0,0,1,0,0,0,0,0,0,0,0
"317",2015-11-13,"Vendredi",0,0,1,"11",0,0,0,0,0,1,0,0,0,0,0,0,0,0
"318",2015-11-14,"Samedi",0,0,0,"11",0,0,0,0,0,0,0,0,0,0,0,0,0,0
"319",2015-11-15,"Dimanche",0,0,0,"11",0,0,0,0,0,0,0,0,0,0,0,0,0,0
"320",2015-11-16,"Lundi",0,0,0,"11",0,0,0,0,0,0,0,0,0,0,0,0,0,0
"321",2015-11-17,"Mardi",0,0,0,"11",0,0,0,0,0,0,0,0,0,0,0,0,0,0
"322",2015-11-18,"Mercredi",0,0,0,"11",0,0,0,0,0,0,0,0,0,0,0,0,0,0
"323",2015-11-19,"Jeudi",0,0,0,"11",0,0,0,0,0,0,0,0,0,0,0,0,0,0
"324",2015-11-20,"Vendredi",0,0,0,"11",0,0,0,0,0,0,0,0,0,0,0,0,0,0
"325",2015-11-21,"Samedi",0,0,0,"11",0,0,0,0,0,0,0,0,0,0,0,0,0,0
"326",2015-11-22,"Dimanche",0,0,0,"11",0,0,0,0,0,0,0,0,0,0,0,0,0,0
"327",2015-11-23,"Lundi",0,0,0,"11",0,0,0,0,0,0,0,0,0,0,0,0,0,0
"328",2015-11-24,"Mardi",0,0,0,"11",0,0,0,0,0,0,0,0,0,0,0,0,0,0
"329",2015-11-25,"Mercredi",0,0,0,"11",0,0,0,0,0,0,0,0,0,0,0,0,0,0
"330",2015-11-26,"Jeudi",0,0,0,"11",0,0,0,0,0,0,0,0,0,0,0,0,0,0
"331",2015-11-27,"Vendredi",0,0,0,"11",0,0,0,0,0,0,0,0,0,0,0,0,0,0
"332",2015-11-28,"Samedi",0,0,0,"11",0,0,0,0,0,0,0,0,0,0,0,0,0,0
"333",2015-11-29,"Dimanche",0,0,0,"11",0,0,0,0,0,0,1,0,0,0,0,0,0,0
"334",2015-11-30,"Lundi",0,0,0,"11",0,0,0,0,0,0,1,0,0,0,0,0,0,0
"335",2015-12-01,"Mardi",0,0,0,"12",0,0,0,0,0,0,0,0,0,0,0,0,0,0
"336",2015-12-02,"Mercredi",0,0,0,"12",0,0,0,0,0,0,0,0,0,0,0,0,0,0
"337",2015-12-03,"Jeudi",0,0,0,"12",0,0,0,0,0,0,0,0,0,0,0,0,0,0
"338",2015-12-04,"Vendredi",0,0,0,"12",0,0,0,0,0,0,0,0,0,0,0,0,0,0
"339",2015-12-05,"Samedi",0,0,0,"12",0,0,0,0,0,0,0,0,0,0,0,0,0,0
"340",2015-12-06,"Dimanche",0,0,0,"12",0,0,0,0,0,0,0,0,0,0,0,0,0,0
"341",2015-12-07,"Lundi",0,0,0,"12",0,0,0,0,0,0,0,0,0,0,0,0,0,0
"342",2015-12-08,"Mardi",0,0,0,"12",0,0,0,0,0,0,0,0,0,0,0,0,0,0
"343",2015-12-09,"Mercredi",0,0,0,"12",0,0,0,0,0,0,0,0,0,0,0,0,0,0
"344",2015-12-10,"Jeudi",0,0,0,"12",0,0,0,0,0,0,0,1,0,0,0,0,0,0
"345",2015-12-11,"Vendredi",0,0,0,"12",0,0,0,0,0,0,0,0,0,0,0,0,0,0
"346",2015-12-12,"Samedi",0,0,0,"12",0,0,0,0,0,0,0,0,0,0,0,0,0,0
"347",2015-12-13,"Dimanche",0,0,0,"12",0,0,0,0,0,0,0,0,0,0,0,0,0,0
"348",2015-12-14,"Lundi",0,0,0,"12",0,0,0,0,0,0,0,0,0,0,0,0,0,0
"349",2015-12-15,"Mardi",0,0,0,"12",0,0,0,0,0,0,0,0,0,0,0,0,0,0
"350",2015-12-16,"Mercredi",0,0,0,"12",0,0,0,0,0,0,0,0,0,0,0,0,0,0
"351",2015-12-17,"Jeudi",0,0,0,"12",0,0,0,0,0,0,0,0,0,0,0,0,0,0
"352",2015-12-18,"Vendredi",0,0,0,"12",0,0,0,0,0,0,0,0,0,0,0,0,0,0
"353",2015-12-19,"Samedi",0,0,0,"12",0,0,0,0,0,0,0,0,0,0,0,0,0,0
"354",2015-12-20,"Dimanche",0,1,0,"12",0,0,0,0,0,0,0,0,0,0,0,0,0,1
"355",2015-12-21,"Lundi",0,1,0,"12",0,0,0,0,0,0,0,0,0,0,0,0,1,0
"356",2015-12-22,"Mardi",0,1,0,"12",0,0,0,0,0,0,0,0,0,0,0,0,1,0
"357",2015-12-23,"Mercredi",0,1,0,"12",0,0,0,0,0,0,0,0,0,0,0,0,1,0
"358",2015-12-24,"Jeudi",0,1,0,"12",0,0,0,0,0,0,0,0,0,0,0,0,1,0
"359",2015-12-25,"Vendredi",1,1,0,"12",0,1,0,0,0,0,0,0,0,0,0,0,1,0
"360",2015-12-26,"Samedi",0,1,0,"12",0,0,0,0,0,0,0,0,0,0,0,0,0,1
"361",2015-12-27,"Dimanche",0,1,0,"12",0,0,0,0,0,0,0,0,0,0,0,0,0,1
"362",2015-12-28,"Lundi",0,1,0,"12",0,0,0,0,0,0,0,0,0,0,0,0,1,0
"363",2015-12-29,"Mardi",0,1,0,"12",0,0,0,0,0,0,0,0,0,0,0,0,1,0
"364",2015-12-30,"Mercredi",0,1,0,"12",0,0,0,0,0,0,0,0,0,0,0,0,1,0
"365",2015-12-31,"Jeudi",0,1,0,"12",0,0,0,0,0,0,0,0,0,0,0,0,1,0
"366",2016-01-01,"Vendredi",1,1,0,"01",0,1,0,0,0,0,1,0,0,0,0,0,1,0
"367",2016-01-02,"Samedi",0,1,0,"01",0,0,0,0,0,0,0,0,0,0,0,0,0,1
"368",2016-01-03,"Dimanche",0,1,0,"01",0,0,0,0,0,0,0,0,0,0,0,0,0,1
"369",2016-01-04,"Lundi",0,0,0,"01",0,0,0,0,0,0,0,0,0,0,0,0,0,0
"370",2016-01-05,"Mardi",0,0,0,"01",0,0,0,0,0,0,0,0,0,0,0,0,0,0
"371",2016-01-06,"Mercredi",0,0,0,"01",0,0,0,0,0,0,0,0,0,0,0,0,0,0
"372",2016-01-07,"Jeudi",0,0,0,"01",0,0,0,0,0,0,0,0,0,0,0,0,0,0
"373",2016-01-08,"Vendredi",0,0,0,"01",0,0,0,0,0,0,0,0,0,0,0,0,0,0
"374",2016-01-09,"Samedi",0,0,0,"01",0,0,0,0,0,0,0,0,0,0,0,0,0,0
"375",2016-01-10,"Dimanche",0,0,0,"01",0,0,0,0,0,0,0,0,0,0,0,0,0,0
"376",2016-01-11,"Lundi",0,0,0,"01",0,0,0,0,0,0,0,0,0,0,0,0,0,0
"377",2016-01-12,"Mardi",0,0,0,"01",0,0,0,0,0,0,0,0,0,0,0,0,0,0
"378",2016-01-13,"Mercredi",0,0,0,"01",0,0,0,0,0,0,0,0,0,0,0,0,0,0
"379",2016-01-14,"Jeudi",0,0,0,"01",0,0,0,0,0,0,0,0,0,0,0,0,0,0
"380",2016-01-15,"Vendredi",0,0,0,"01",0,0,0,0,0,0,0,0,0,0,0,0,0,0
"381",2016-01-16,"Samedi",0,0,0,"01",0,0,0,0,0,0,0,0,0,0,0,0,0,0
"382",2016-01-17,"Dimanche",0,0,0,"01",0,0,0,0,0,0,0,0,0,0,0,0,0,0
"383",2016-01-18,"Lundi",0,0,0,"01",0,0,0,0,0,0,0,0,0,0,0,0,0,0
"384",2016-01-19,"Mardi",0,0,0,"01",0,0,0,0,0,0,0,0,0,0,0,0,0,0
"385",2016-01-20,"Mercredi",0,0,0,"01",0,0,0,0,0,0,0,0,0,0,0,0,0,0
"386",2016-01-21,"Jeudi",0,0,0,"01",0,0,0,0,0,0,0,0,0,0,0,0,0,0
"387",2016-01-22,"Vendredi",0,0,0,"01",0,0,0,0,0,0,0,0,0,0,0,0,0,0
"388",2016-01-23,"Samedi",0,0,0,"01",0,0,0,0,0,0,0,0,0,0,0,0,0,0
"389",2016-01-24,"Dimanche",0,0,0,"01",0,0,0,0,0,0,0,0,0,0,0,0,0,0
"390",2016-01-25,"Lundi",0,0,0,"01",0,0,0,0,0,0,0,0,0,0,0,0,0,0
"391",2016-01-26,"Mardi",0,0,0,"01",0,0,0,0,0,0,0,0,0,0,0,0,0,0
"392",2016-01-27,"Mercredi",0,0,0,"01",0,0,0,0,0,0,0,0,0,0,0,0,0,0
"393",2016-01-28,"Jeudi",0,0,0,"01",0,0,0,0,0,0,0,0,0,0,0,0,0,0
"394",2016-01-29,"Vendredi",0,0,0,"01",0,0,0,0,0,0,0,0,0,0,0,0,0,0
"395",2016-01-30,"Samedi",0,0,0,"01",0,0,0,0,0,0,0,0,0,0,0,0,0,0
"396",2016-01-31,"Dimanche",0,0,0,"01",0,0,0,0,0,0,0,0,0,0,0,0,0,0
"397",2016-02-01,"Lundi",0,0,0,"02",0,0,0,0,0,0,0,0,0,0,0,0,0,0
"398",2016-02-02,"Mardi",0,0,0,"02",0,0,0,0,0,0,0,0,0,0,0,0,0,0
"399",2016-02-03,"Mercredi",0,0,0,"02",0,0,0,0,0,0,0,0,0,0,0,0,0,0
"400",2016-02-04,"Jeudi",0,0,0,"02",0,0,0,0,0,0,0,0,0,0,0,0,0,0
"401",2016-02-05,"Vendredi",0,0,0,"02",0,0,0,0,0,0,0,0,0,0,0,0,0,0
"402",2016-02-06,"Samedi",0,0,0,"02",0,0,0,0,0,0,0,0,0,0,0,0,0,0
"403",2016-02-07,"Dimanche",0,0,0,"02",0,0,0,0,0,0,0,0,0,0,0,0,0,0
"404",2016-02-08,"Lundi",0,0,0,"02",0,0,0,0,0,0,0,0,0,0,0,0,0,0
"405",2016-02-09,"Mardi",0,0,0,"02",0,0,0,0,0,0,0,0,0,0,0,0,0,0
"406",2016-02-10,"Mercredi",0,0,0,"02",0,0,0,0,0,0,0,0,0,0,0,0,0,0
"407",2016-02-11,"Jeudi",0,0,0,"02",0,0,0,0,0,0,0,0,0,0,0,0,0,0
"408",2016-02-12,"Vendredi",0,0,0,"02",0,0,0,0,0,0,0,0,0,0,0,0,0,0
"409",2016-02-13,"Samedi",0,0,0,"02",0,0,0,0,0,0,0,0,0,0,0,0,0,0
"410",2016-02-14,"Dimanche",0,0,0,"02",0,0,0,0,0,0,0,0,0,0,0,0,0,0
"411",2016-02-15,"Lundi",0,0,0,"02",0,0,0,0,0,0,0,0,0,0,0,0,0,0
"412",2016-02-16,"Mardi",0,0,0,"02",0,0,0,0,0,0,0,0,0,0,0,0,0,0
"413",2016-02-17,"Mercredi",0,0,0,"02",0,0,0,0,0,0,0,0,0,0,0,0,0,0
"414",2016-02-18,"Jeudi",0,0,0,"02",0,0,0,0,0,0,0,0,0,0,0,0,0,0
"415",2016-02-19,"Vendredi",0,0,0,"02",0,0,0,0,0,0,0,0,0,0,0,0,0,0
"416",2016-02-20,"Samedi",0,0,0,"02",0,0,0,0,0,0,0,0,0,0,0,0,0,0
"417",2016-02-21,"Dimanche",0,1,0,"02",0,0,0,0,0,0,0,0,0,0,0,0,0,1
"418",2016-02-22,"Lundi",0,1,0,"02",0,0,0,0,0,0,0,0,0,0,0,0,1,0
"419",2016-02-23,"Mardi",0,1,0,"02",0,0,0,0,0,0,0,0,0,0,0,0,1,0
"420",2016-02-24,"Mercredi",0,1,0,"02",0,0,0,0,0,0,0,0,0,0,0,0,1,0
"421",2016-02-25,"Jeudi",0,1,0,"02",0,0,0,0,0,0,0,0,0,0,0,0,1,0
"422",2016-02-26,"Vendredi",0,1,0,"02",0,0,0,0,0,0,0,0,0,0,0,0,1,0
"423",2016-02-27,"Samedi",0,1,0,"02",0,0,0,0,0,0,0,0,0,0,0,0,0,1
"424",2016-02-28,"Dimanche",0,1,0,"02",0,0,0,0,0,0,0,0,0,0,0,0,0,1
"425",2016-02-29,"Lundi",0,1,0,"02",0,0,0,0,0,0,0,0,0,0,0,0,1,0
"426",2016-03-01,"Mardi",0,1,0,"03",0,0,0,0,0,0,0,0,0,0,0,0,1,0
"427",2016-03-02,"Mercredi",0,1,0,"03",0,0,0,0,0,0,0,0,0,0,0,0,1,0
"428",2016-03-03,"Jeudi",0,1,0,"03",0,0,0,0,0,0,0,0,0,0,0,0,1,0
"429",2016-03-04,"Vendredi",0,1,0,"03",0,0,0,0,0,0,0,0,0,0,0,0,1,0
"430",2016-03-05,"Samedi",0,1,0,"03",0,0,0,0,0,0,0,0,0,0,0,0,0,1
"431",2016-03-06,"Dimanche",0,1,0,"03",0,0,0,0,0,0,0,0,0,0,0,0,0,1
"432",2016-03-07,"Lundi",0,0,0,"03",0,0,0,0,0,0,0,0,0,0,0,0,0,0
"433",2016-03-08,"Mardi",0,0,0,"03",0,0,0,0,0,0,0,0,0,0,0,0,0,0
"434",2016-03-09,"Mercredi",0,0,0,"03",0,0,0,0,0,0,0,1,0,0,0,0,0,0
"435",2016-03-10,"Jeudi",0,0,0,"03",0,0,0,0,0,0,0,0,0,0,0,0,0,0
"436",2016-03-11,"Vendredi",0,0,0,"03",0,0,0,0,0,0,0,0,0,0,0,0,0,0
"437",2016-03-12,"Samedi",0,0,0,"03",0,0,0,0,0,0,0,0,0,0,0,0,0,0
"438",2016-03-13,"Dimanche",0,0,0,"03",0,0,0,0,0,0,0,0,0,0,0,0,0,0
"439",2016-03-14,"Lundi",0,0,0,"03",0,0,0,0,0,0,0,0,0,0,0,0,0,0
"440",2016-03-15,"Mardi",0,0,0,"03",0,0,0,0,0,0,0,0,0,0,0,0,0,0
"441",2016-03-16,"Mercredi",0,0,0,"03",0,0,0,0,0,0,0,0,0,0,0,0,0,0
"442",2016-03-17,"Jeudi",0,0,0,"03",0,0,0,0,0,0,0,0,0,0,0,0,0,0
"443",2016-03-18,"Vendredi",0,0,0,"03",0,0,0,0,0,0,0,0,0,0,0,0,0,0
"444",2016-03-19,"Samedi",0,0,0,"03",0,0,0,0,0,0,0,0,0,0,0,0,0,0
"445",2016-03-20,"Dimanche",0,0,0,"03",0,0,0,0,0,0,0,0,0,0,0,0,0,0
"446",2016-03-21,"Lundi",0,0,0,"03",0,0,0,0,0,0,0,0,0,0,0,0,0,0
"447",2016-03-22,"Mardi",0,0,0,"03",0,0,0,0,0,0,0,0,0,0,0,0,0,0
"448",2016-03-23,"Mercredi",0,0,0,"03",0,0,0,0,0,0,0,0,0,0,0,0,0,0
"449",2016-03-24,"Jeudi",0,0,0,"03",0,0,0,0,0,0,0,0,0,0,0,0,0,0
"450",2016-03-25,"Vendredi",0,0,0,"03",0,0,0,0,0,0,0,0,0,0,0,0,0,0
"451",2016-03-26,"Samedi",0,0,0,"03",0,0,0,0,0,0,0,0,0,0,0,0,0,0
"452",2016-03-27,"Dimanche",0,0,0,"03",0,0,0,0,0,0,0,0,0,0,0,0,0,0
"453",2016-03-28,"Lundi",1,0,0,"03",0,1,0,0,0,0,0,0,0,0,0,0,0,0
"454",2016-03-29,"Mardi",0,0,0,"03",0,0,0,0,0,0,0,0,0,0,0,0,0,0
"455",2016-03-30,"Mercredi",0,0,0,"03",0,0,0,0,0,0,0,0,0,0,0,0,0,0
"456",2016-03-31,"Jeudi",0,0,0,"03",0,0,0,0,0,0,0,1,0,0,0,0,0,0
"457",2016-04-01,"Vendredi",0,0,0,"04",0,0,0,0,0,0,0,0,0,0,0,0,0,0
"458",2016-04-02,"Samedi",0,0,0,"04",0,0,0,0,0,0,0,0,0,0,0,0,0,0
"459",2016-04-03,"Dimanche",0,0,0,"04",0,0,0,0,0,0,0,0,0,0,0,0,0,0
"460",2016-04-04,"Lundi",0,0,0,"04",0,0,0,0,0,0,0,0,0,0,0,0,0,0
"461",2016-04-05,"Mardi",0,0,0,"04",0,0,0,0,0,0,0,0,0,0,0,0,0,0
"462",2016-04-06,"Mercredi",0,0,0,"04",0,0,0,0,0,0,0,0,0,0,0,0,0,0
"463",2016-04-07,"Jeudi",0,0,0,"04",0,0,0,0,0,0,0,0,0,0,0,0,0,0
"464",2016-04-08,"Vendredi",0,0,0,"04",0,0,0,0,0,0,0,0,0,0,0,0,0,0
"465",2016-04-09,"Samedi",0,0,0,"04",0,0,0,0,0,0,0,0,0,0,0,0,0,0
"466",2016-04-10,"Dimanche",0,0,0,"04",0,0,0,0,0,0,0,0,0,0,0,0,0,0
"467",2016-04-11,"Lundi",0,0,0,"04",0,0,0,0,0,0,0,0,0,0,0,0,0,0
"468",2016-04-12,"Mardi",0,0,0,"04",0,0,0,0,0,0,0,0,0,0,0,0,0,0
"469",2016-04-13,"Mercredi",0,0,0,"04",0,0,0,0,0,0,0,0,0,0,0,0,0,0
"470",2016-04-14,"Jeudi",0,0,0,"04",0,0,0,0,0,0,0,0,0,0,0,0,0,0
"471",2016-04-15,"Vendredi",0,0,0,"04",0,0,0,0,0,0,0,0,0,0,0,0,0,0
"472",2016-04-16,"Samedi",0,0,0,"04",0,0,0,0,0,0,0,0,0,0,0,0,0,0
"473",2016-04-17,"Dimanche",0,1,0,"04",0,0,0,0,0,0,0,0,0,0,0,0,0,1
"474",2016-04-18,"Lundi",0,1,0,"04",0,0,0,0,0,0,0,0,0,0,0,0,1,0
"475",2016-04-19,"Mardi",0,1,0,"04",0,0,0,0,0,0,0,0,0,0,0,0,1,0
"476",2016-04-20,"Mercredi",0,1,0,"04",0,0,0,0,0,0,0,0,0,0,0,0,1,0
"477",2016-04-21,"Jeudi",0,1,0,"04",0,0,0,0,0,0,0,0,0,0,0,0,1,0
"478",2016-04-22,"Vendredi",0,1,0,"04",0,0,0,0,0,0,0,0,0,0,0,0,1,0
"479",2016-04-23,"Samedi",0,1,0,"04",0,0,0,0,0,0,0,0,0,0,0,0,0,1
"480",2016-04-24,"Dimanche",0,1,0,"04",0,0,0,0,0,0,0,0,0,0,0,0,0,1
"481",2016-04-25,"Lundi",0,1,0,"04",0,0,0,0,0,0,0,0,0,0,0,0,1,0
"482",2016-04-26,"Mardi",0,1,0,"04",0,0,0,0,0,0,0,0,0,0,0,0,1,0
"483",2016-04-27,"Mercredi",0,1,0,"04",0,0,0,0,0,0,0,0,0,0,0,0,1,0
"484",2016-04-28,"Jeudi",0,1,0,"04",0,0,0,0,0,0,0,0,0,0,0,0,1,0
"485",2016-04-29,"Vendredi",0,1,0,"04",0,0,0,0,0,0,0,0,0,0,0,0,1,0
"486",2016-04-30,"Samedi",0,1,0,"04",0,0,0,0,0,0,0,0,0,0,0,0,0,1
"487",2016-05-01,"Dimanche",1,1,0,"05",0,0,1,0,0,0,0,0,0,0,0,0,0,1
"488",2016-05-02,"Lundi",0,0,0,"05",0,0,0,0,0,0,0,0,0,0,0,0,0,0
"489",2016-05-03,"Mardi",0,0,0,"05",0,0,0,0,0,0,0,0,0,0,0,0,0,0
"490",2016-05-04,"Mercredi",0,0,0,"05",0,0,0,0,0,0,0,0,0,0,0,0,0,0
"491",2016-05-05,"Jeudi",1,0,0,"05",0,1,0,0,0,0,0,0,0,0,0,0,0,0
"492",2016-05-06,"Vendredi",0,0,1,"05",0,0,0,0,0,1,0,0,0,0,0,0,0,0
"493",2016-05-07,"Samedi",0,0,0,"05",0,0,0,0,0,0,0,0,0,0,0,0,0,0
"494",2016-05-08,"Dimanche",1,0,0,"05",0,0,1,0,0,0,0,0,0,0,0,0,0,0
"495",2016-05-09,"Lundi",0,0,0,"05",0,0,0,0,0,0,0,0,0,0,0,0,0,0
"496",2016-05-10,"Mardi",0,0,0,"05",0,0,0,0,0,0,0,0,0,0,0,0,0,0
"497",2016-05-11,"Mercredi",0,0,0,"05",0,0,0,0,0,0,0,0,0,0,0,0,0,0
"498",2016-05-12,"Jeudi",0,0,0,"05",0,0,0,0,0,0,0,0,0,0,0,0,0,0
"499",2016-05-13,"Vendredi",0,0,0,"05",0,0,0,0,0,0,0,0,0,0,0,0,0,0
"500",2016-05-14,"Samedi",0,0,0,"05",0,0,0,0,0,0,0,0,0,0,0,0,0,0
"501",2016-05-15,"Dimanche",0,0,0,"05",0,0,0,0,0,0,0,0,0,0,0,0,0,0
"502",2016-05-16,"Lundi",1,0,0,"05",0,1,0,0,0,0,0,0,0,0,0,0,0,0
"503",2016-05-17,"Mardi",0,0,0,"05",0,0,0,0,0,0,0,0,0,0,0,0,0,0
"504",2016-05-18,"Mercredi",0,0,0,"05",0,0,0,0,0,0,0,0,0,0,0,0,0,0
"505",2016-05-19,"Jeudi",0,0,0,"05",0,0,0,0,0,0,0,0,0,0,0,0,0,0
"506",2016-05-20,"Vendredi",0,0,0,"05",0,0,0,0,0,0,0,0,0,0,0,0,0,0
"507",2016-05-21,"Samedi",0,0,0,"05",0,0,0,0,0,0,0,0,0,0,0,0,0,0
"508",2016-05-22,"Dimanche",0,0,0,"05",0,0,0,0,0,0,0,0,0,0,0,0,0,0
"509",2016-05-23,"Lundi",0,0,0,"05",0,0,0,0,0,0,0,0,0,0,0,0,0,0
"510",2016-05-24,"Mardi",0,0,0,"05",0,0,0,0,0,0,0,0,0,0,0,0,0,0
"511",2016-05-25,"Mercredi",0,0,0,"05",0,0,0,0,0,0,0,0,0,0,0,0,0,0
"512",2016-05-26,"Jeudi",0,0,0,"05",0,0,0,0,0,0,0,0,0,0,0,0,0,0
"513",2016-05-27,"Vendredi",0,0,0,"05",0,0,0,0,0,0,0,0,0,0,0,0,0,0
"514",2016-05-28,"Samedi",0,0,0,"05",0,0,0,0,0,0,0,0,0,0,0,0,0,0
"515",2016-05-29,"Dimanche",0,0,0,"05",0,0,0,0,0,0,0,0,0,0,0,0,0,0
"516",2016-05-30,"Lundi",0,0,0,"05",0,0,0,0,0,0,0,0,0,0,0,0,0,0
"517",2016-05-31,"Mardi",0,0,0,"05",0,0,0,0,0,0,0,0,0,0,0,0,0,0
"518",2016-06-01,"Mercredi",0,0,0,"06",0,0,0,0,0,0,0,0,0,0,0,0,0,0
"519",2016-06-02,"Jeudi",0,0,0,"06",0,0,0,0,0,0,0,0,0,0,0,0,0,0
"520",2016-06-03,"Vendredi",0,0,0,"06",0,0,0,0,0,0,0,0,0,0,0,0,0,0
"521",2016-06-04,"Samedi",0,0,0,"06",0,0,0,0,0,0,0,0,0,0,0,0,0,0
"522",2016-06-05,"Dimanche",0,0,0,"06",0,0,0,0,0,0,0,0,0,0,0,0,0,0
"523",2016-06-06,"Lundi",0,0,0,"06",0,0,0,0,0,0,0,0,0,0,0,0,0,0
"524",2016-06-07,"Mardi",0,0,0,"06",0,0,0,0,0,0,0,0,0,0,0,0,0,0
"525",2016-06-08,"Mercredi",0,0,0,"06",0,0,0,0,0,0,0,0,0,0,0,0,0,0
"526",2016-06-09,"Jeudi",0,0,0,"06",0,0,0,0,0,0,0,0,0,0,0,0,0,0
"527",2016-06-10,"Vendredi",0,0,0,"06",0,0,0,0,0,0,0,0,0,0,0,0,0,0
"528",2016-06-11,"Samedi",0,0,0,"06",0,0,0,0,0,0,0,0,0,0,0,0,0,0
"529",2016-06-12,"Dimanche",0,0,0,"06",0,0,0,0,0,0,0,0,0,0,0,0,0,0
"530",2016-06-13,"Lundi",0,0,0,"06",0,0,0,0,0,0,0,0,0,0,0,0,0,0
"531",2016-06-14,"Mardi",0,0,0,"06",0,0,0,0,0,0,0,0,0,0,0,0,0,0
"532",2016-06-15,"Mercredi",0,0,0,"06",0,0,0,0,0,0,0,0,0,0,0,0,0,0
"533",2016-06-16,"Jeudi",0,0,0,"06",0,0,0,0,0,0,0,0,0,0,0,0,0,0
"534",2016-06-17,"Vendredi",0,0,0,"06",0,0,0,0,0,0,0,0,0,0,0,0,0,0
"535",2016-06-18,"Samedi",0,0,0,"06",0,0,0,0,0,0,0,0,0,0,0,0,0,0
"536",2016-06-19,"Dimanche",0,0,0,"06",0,0,0,0,0,0,0,0,0,0,0,0,0,0
"537",2016-06-20,"Lundi",0,0,0,"06",0,0,0,0,0,0,0,0,0,0,0,0,0,0
"538",2016-06-21,"Mardi",0,0,0,"06",0,0,0,0,0,0,0,0,0,0,0,0,0,0
"539",2016-06-22,"Mercredi",0,0,0,"06",0,0,0,0,0,0,0,0,0,0,0,0,0,0
"540",2016-06-23,"Jeudi",0,0,0,"06",0,0,0,0,0,0,0,0,0,0,0,0,0,0
"541",2016-06-24,"Vendredi",0,0,0,"06",0,0,0,0,0,0,0,0,0,0,0,0,0,0
"542",2016-06-25,"Samedi",0,0,0,"06",0,0,0,0,0,0,0,0,0,0,0,0,0,0
"543",2016-06-26,"Dimanche",0,0,0,"06",0,0,0,0,0,0,0,0,0,0,0,0,0,0
"544",2016-06-27,"Lundi",0,0,0,"06",0,0,0,0,0,0,0,0,0,0,0,0,0,0
"545",2016-06-28,"Mardi",0,0,0,"06",0,0,0,0,0,0,0,0,0,0,0,0,0,0
"546",2016-06-29,"Mercredi",0,0,0,"06",0,0,0,0,0,0,0,0,0,0,0,0,0,0
"547",2016-06-30,"Jeudi",0,0,0,"06",0,0,0,0,0,0,0,0,0,0,0,0,0,0
"548",2016-07-01,"Vendredi",0,0,0,"07",0,0,0,0,0,0,0,0,0,0,0,0,0,0
"549",2016-07-02,"Samedi",0,0,0,"07",0,0,0,0,0,0,0,0,0,0,0,0,0,0
"550",2016-07-03,"Dimanche",0,0,0,"07",0,0,0,0,0,0,0,0,0,0,0,0,0,0
"551",2016-07-04,"Lundi",0,0,0,"07",0,0,0,0,0,0,0,0,0,0,0,0,0,0
"552",2016-07-05,"Mardi",0,0,0,"07",0,0,0,0,0,0,0,0,0,0,0,0,0,0
"553",2016-07-06,"Mercredi",0,1,0,"07",0,0,0,0,0,0,0,0,0,0,0,0,1,0
"554",2016-07-07,"Jeudi",0,1,0,"07",0,0,0,0,0,0,0,0,0,0,0,0,1,0
"555",2016-07-08,"Vendredi",0,1,0,"07",0,0,0,0,0,0,0,0,0,0,0,0,1,0
"556",2016-07-09,"Samedi",0,1,0,"07",0,0,0,0,0,0,0,0,0,0,0,0,0,1
"557",2016-07-10,"Dimanche",0,1,0,"07",0,0,0,0,0,0,0,0,0,0,0,0,0,1
"558",2016-07-11,"Lundi",0,1,0,"07",0,0,0,0,0,0,0,0,0,0,0,0,1,0
"559",2016-07-12,"Mardi",0,1,0,"07",0,0,0,0,0,0,0,0,0,0,0,0,1,0
"560",2016-07-13,"Mercredi",0,1,0,"07",0,0,0,0,0,0,0,0,0,0,0,0,1,0
"561",2016-07-14,"Jeudi",1,1,0,"07",0,1,0,0,0,0,0,0,0,0,0,1,1,0
"562",2016-07-15,"Vendredi",0,1,1,"07",0,0,0,0,0,1,0,0,0,0,1,0,1,0
"563",2016-07-16,"Samedi",0,1,0,"07",0,0,0,0,0,0,0,0,0,0,0,1,0,1
"564",2016-07-17,"Dimanche",0,1,0,"07",0,0,0,0,0,0,0,0,0,0,0,1,0,1
"565",2016-07-18,"Lundi",0,1,0,"07",0,0,0,0,0,0,0,0,0,0,0,0,1,0
"566",2016-07-19,"Mardi",0,1,0,"07",0,0,0,0,0,0,0,0,0,0,0,0,1,0
"567",2016-07-20,"Mercredi",0,1,0,"07",0,0,0,0,0,0,0,0,0,0,0,0,1,0
"568",2016-07-21,"Jeudi",0,1,0,"07",0,0,0,0,0,0,0,0,0,0,0,0,1,0
"569",2016-07-22,"Vendredi",0,1,0,"07",0,0,0,0,0,0,0,0,0,0,0,0,1,0
"570",2016-07-23,"Samedi",0,1,0,"07",1,0,0,0,1,0,0,0,0,0,0,0,0,1
"571",2016-07-24,"Dimanche",0,1,0,"07",1,0,0,0,1,0,0,0,0,0,0,0,0,1
"572",2016-07-25,"Lundi",0,1,0,"07",1,0,0,1,0,0,0,0,0,0,0,0,1,0
"573",2016-07-26,"Mardi",0,1,0,"07",1,0,0,1,0,0,0,0,0,0,0,0,1,0
"574",2016-07-27,"Mercredi",0,1,0,"07",1,0,0,1,0,0,0,0,0,0,0,0,1,0
"575",2016-07-28,"Jeudi",0,1,0,"07",1,0,0,1,0,0,0,0,0,0,0,0,1,0
"576",2016-07-29,"Vendredi",0,1,0,"07",1,0,0,1,0,0,0,0,0,0,0,0,1,0
"577",2016-07-30,"Samedi",0,1,0,"07",1,0,0,0,1,0,0,0,0,0,0,0,0,1
"578",2016-07-31,"Dimanche",0,1,0,"07",1,0,0,0,1,0,0,0,0,0,0,0,0,1
"579",2016-08-01,"Lundi",0,1,0,"08",1,0,0,1,0,0,0,0,0,0,0,0,1,0
"580",2016-08-02,"Mardi",0,1,0,"08",1,0,0,1,0,0,0,0,0,0,0,0,1,0
"581",2016-08-03,"Mercredi",0,1,0,"08",1,0,0,1,0,0,0,0,0,0,0,0,1,0
"582",2016-08-04,"Jeudi",0,1,0,"08",1,0,0,1,0,0,0,0,0,0,0,0,1,0
"583",2016-08-05,"Vendredi",0,1,0,"08",1,0,0,1,0,0,0,0,0,0,0,0,1,0
"584",2016-08-06,"Samedi",0,1,0,"08",1,0,0,0,1,0,0,0,0,0,0,0,0,1
"585",2016-08-07,"Dimanche",0,1,0,"08",1,0,0,0,1,0,0,0,0,0,0,0,0,1
"586",2016-08-08,"Lundi",0,1,0,"08",1,0,0,1,0,0,0,0,0,0,0,0,1,0
"587",2016-08-09,"Mardi",0,1,0,"08",1,0,0,1,0,0,0,0,0,0,0,0,1,0
"588",2016-08-10,"Mercredi",0,1,0,"08",1,0,0,1,0,0,0,0,0,0,0,0,1,0
"589",2016-08-11,"Jeudi",0,1,0,"08",1,0,0,1,0,0,0,0,0,0,0,0,1,0
"590",2016-08-12,"Vendredi",0,1,0,"08",1,0,0,1,0,0,0,0,0,0,0,0,1,0
"591",2016-08-13,"Samedi",0,1,0,"08",1,0,0,0,1,0,0,0,0,0,0,0,0,1
"592",2016-08-14,"Dimanche",0,1,0,"08",1,0,0,0,1,0,0,0,0,0,0,0,0,1
"593",2016-08-15,"Lundi",1,1,0,"08",1,1,0,0,1,0,0,0,0,0,0,0,1,0
"594",2016-08-16,"Mardi",0,1,0,"08",1,0,0,1,0,0,0,0,0,0,0,0,1,0
"595",2016-08-17,"Mercredi",0,1,0,"08",1,0,0,1,0,0,0,0,0,0,0,0,1,0
"596",2016-08-18,"Jeudi",0,1,0,"08",1,0,0,1,0,0,0,0,0,0,0,0,1,0
"597",2016-08-19,"Vendredi",0,1,0,"08",1,0,0,1,0,0,0,0,0,0,0,0,1,0
"598",2016-08-20,"Samedi",0,1,0,"08",1,0,0,0,1,0,0,0,0,0,0,0,0,1
"599",2016-08-21,"Dimanche",0,1,0,"08",1,0,0,0,1,0,0,0,0,0,0,0,0,1
"600",2016-08-22,"Lundi",0,1,0,"08",0,0,0,0,0,0,0,0,0,0,0,0,1,0
"601",2016-08-23,"Mardi",0,1,0,"08",0,0,0,0,0,0,0,0,0,0,0,0,1,0
"602",2016-08-24,"Mercredi",0,1,0,"08",0,0,0,0,0,0,0,0,0,0,0,0,1,0
"603",2016-08-25,"Jeudi",0,1,0,"08",0,0,0,0,0,0,0,0,0,0,0,0,1,0
"604",2016-08-26,"Vendredi",0,1,0,"08",0,0,0,0,0,0,0,0,0,0,0,0,1,0
"605",2016-08-27,"Samedi",0,1,0,"08",0,0,0,0,0,0,0,0,0,0,0,0,0,1
"606",2016-08-28,"Dimanche",0,1,0,"08",0,0,0,0,0,0,0,0,0,0,0,0,0,1
"607",2016-08-29,"Lundi",0,1,0,"08",0,0,0,0,0,0,0,0,0,0,0,0,1,0
"608",2016-08-30,"Mardi",0,1,0,"08",0,0,0,0,0,0,0,0,0,0,0,0,1,0
"609",2016-08-31,"Mercredi",0,1,0,"08",0,0,0,0,0,0,0,0,0,0,0,0,1,0
"610",2016-09-01,"Jeudi",0,0,0,"09",0,0,0,0,0,0,0,0,0,0,0,0,0,0
"611",2016-09-02,"Vendredi",0,0,0,"09",0,0,0,0,0,0,0,0,0,0,0,0,0,0
"612",2016-09-03,"Samedi",0,0,0,"09",0,0,0,0,0,0,0,0,0,0,0,0,0,0
"613",2016-09-04,"Dimanche",0,0,0,"09",0,0,0,0,0,0,0,0,0,0,0,0,0,0
"614",2016-09-05,"Lundi",0,0,0,"09",0,0,0,0,0,0,0,0,0,0,0,0,0,0
"615",2016-09-06,"Mardi",0,0,0,"09",0,0,0,0,0,0,0,0,0,0,0,0,0,0
"616",2016-09-07,"Mercredi",0,0,0,"09",0,0,0,0,0,0,0,0,0,0,0,0,0,0
"617",2016-09-08,"Jeudi",0,0,0,"09",0,0,0,0,0,0,0,0,0,0,0,0,0,0
"618",2016-09-09,"Vendredi",0,0,0,"09",0,0,0,0,0,0,0,0,0,0,0,0,0,0
"619",2016-09-10,"Samedi",0,0,0,"09",0,0,0,0,0,0,0,0,0,0,0,0,0,0
"620",2016-09-11,"Dimanche",0,0,0,"09",0,0,0,0,0,0,0,0,0,0,0,0,0,0
"621",2016-09-12,"Lundi",0,0,0,"09",0,0,0,0,0,0,0,0,0,0,0,0,0,0
"622",2016-09-13,"Mardi",0,0,0,"09",0,0,0,0,0,0,0,0,0,0,0,0,0,0
"623",2016-09-14,"Mercredi",0,0,0,"09",0,0,0,0,0,0,0,0,0,0,0,0,0,0
"624",2016-09-15,"Jeudi",0,0,0,"09",0,0,0,0,0,0,0,0,0,0,0,0,0,0
"625",2016-09-16,"Vendredi",0,0,0,"09",0,0,0,0,0,0,0,0,0,0,0,0,0,0
"626",2016-09-17,"Samedi",0,0,0,"09",0,0,0,0,0,0,0,0,0,0,0,0,0,0
"627",2016-09-18,"Dimanche",0,0,0,"09",0,0,0,0,0,0,0,0,0,0,0,0,0,0
"628",2016-09-19,"Lundi",0,0,0,"09",0,0,0,0,0,0,0,0,0,0,0,0,0,0
"629",2016-09-20,"Mardi",0,0,0,"09",0,0,0,0,0,0,0,0,0,0,0,0,0,0
"630",2016-09-21,"Mercredi",0,0,0,"09",0,0,0,0,0,0,0,0,0,0,0,0,0,0
"631",2016-09-22,"Jeudi",0,0,0,"09",0,0,0,0,0,0,0,0,0,0,0,0,0,0
"632",2016-09-23,"Vendredi",0,0,0,"09",0,0,0,0,0,0,0,0,0,0,0,0,0,0
"633",2016-09-24,"Samedi",0,0,0,"09",0,0,0,0,0,0,0,0,0,0,0,0,0,0
"634",2016-09-25,"Dimanche",0,0,0,"09",0,0,0,0,0,0,0,0,0,0,0,0,0,0
"635",2016-09-26,"Lundi",0,0,0,"09",0,0,0,0,0,0,0,0,0,0,0,0,0,0
"636",2016-09-27,"Mardi",0,0,0,"09",0,0,0,0,0,0,0,0,0,0,0,0,0,0
"637",2016-09-28,"Mercredi",0,0,0,"09",0,0,0,0,0,0,0,0,0,0,0,0,0,0
"638",2016-09-29,"Jeudi",0,0,0,"09",0,0,0,0,0,0,0,0,0,0,0,0,0,0
"639",2016-09-30,"Vendredi",0,0,0,"09",0,0,0,0,0,0,0,0,0,0,0,0,0,0
"640",2016-10-01,"Samedi",0,0,0,"10",0,0,0,0,0,0,0,0,0,0,0,0,0,0
"641",2016-10-02,"Dimanche",0,0,0,"10",0,0,0,0,0,0,0,0,0,0,0,0,0,0
"642",2016-10-03,"Lundi",0,0,0,"10",0,0,0,0,0,0,0,0,0,0,0,0,0,0
"643",2016-10-04,"Mardi",0,0,0,"10",0,0,0,0,0,0,0,0,0,0,0,0,0,0
"644",2016-10-05,"Mercredi",0,0,0,"10",0,0,0,0,0,0,0,0,0,0,0,0,0,0
"645",2016-10-06,"Jeudi",0,0,0,"10",0,0,0,0,0,0,0,0,0,0,0,0,0,0
"646",2016-10-07,"Vendredi",0,0,0,"10",0,0,0,0,0,0,0,0,0,0,0,0,0,0
"647",2016-10-08,"Samedi",0,0,0,"10",0,0,0,0,0,0,0,0,0,0,0,0,0,0
"648",2016-10-09,"Dimanche",0,0,0,"10",0,0,0,0,0,0,0,0,0,0,0,0,0,0
"649",2016-10-10,"Lundi",0,0,0,"10",0,0,0,0,0,0,0,0,0,0,0,0,0,0
"650",2016-10-11,"Mardi",0,0,0,"10",0,0,0,0,0,0,0,0,0,0,0,0,0,0
"651",2016-10-12,"Mercredi",0,0,0,"10",0,0,0,0,0,0,0,0,0,0,0,0,0,0
"652",2016-10-13,"Jeudi",0,0,0,"10",0,0,0,0,0,0,0,0,0,0,0,0,0,0
"653",2016-10-14,"Vendredi",0,0,0,"10",0,0,0,0,0,0,0,0,0,0,0,0,0,0
"654",2016-10-15,"Samedi",0,0,0,"10",0,0,0,0,0,0,0,0,0,0,0,0,0,0
"655",2016-10-16,"Dimanche",0,0,0,"10",0,0,0,0,0,0,0,0,0,0,0,0,0,0
"656",2016-10-17,"Lundi",0,0,0,"10",0,0,0,0,0,0,0,0,0,0,0,0,0,0
"657",2016-10-18,"Mardi",0,0,0,"10",0,0,0,0,0,0,0,0,0,0,0,0,0,0
"658",2016-10-19,"Mercredi",0,0,0,"10",0,0,0,0,0,0,0,0,0,0,0,0,0,0
"659",2016-10-20,"Jeudi",0,1,0,"10",0,0,0,0,0,0,0,0,0,0,0,0,1,0
"660",2016-10-21,"Vendredi",0,1,0,"10",0,0,0,0,0,0,0,0,0,0,0,0,1,0
"661",2016-10-22,"Samedi",0,1,0,"10",0,0,0,0,0,0,0,0,0,0,0,0,0,1
"662",2016-10-23,"Dimanche",0,1,0,"10",0,0,0,0,0,0,0,0,0,0,0,0,0,1
"663",2016-10-24,"Lundi",0,1,0,"10",0,0,0,0,0,0,0,0,0,0,0,0,1,0
"664",2016-10-25,"Mardi",0,1,0,"10",0,0,0,0,0,0,0,0,0,0,0,0,1,0
"665",2016-10-26,"Mercredi",0,1,0,"10",0,0,0,0,0,0,0,0,0,0,0,0,1,0
"666",2016-10-27,"Jeudi",0,1,0,"10",0,0,0,0,0,0,0,0,0,0,0,0,1,0
"667",2016-10-28,"Vendredi",0,1,0,"10",0,0,0,0,0,0,0,0,0,0,0,0,1,0
"668",2016-10-29,"Samedi",0,1,0,"10",0,0,0,0,0,0,0,0,0,0,0,0,0,1
"669",2016-10-30,"Dimanche",0,1,0,"10",0,0,0,0,0,0,0,0,0,0,0,0,0,1
"670",2016-10-31,"Lundi",0,1,1,"10",0,0,0,0,0,1,0,0,0,0,0,0,1,0
"671",2016-11-01,"Mardi",1,1,0,"11",0,1,0,0,0,0,0,0,0,0,0,0,1,0
"672",2016-11-02,"Mercredi",0,1,0,"11",0,0,0,0,0,0,0,0,0,0,0,0,1,0
"673",2016-11-03,"Jeudi",0,0,0,"11",0,0,0,0,0,0,0,0,0,0,0,0,0,0
"674",2016-11-04,"Vendredi",0,0,0,"11",0,0,0,0,0,0,0,0,0,0,0,0,0,0
"675",2016-11-05,"Samedi",0,0,0,"11",0,0,0,0,0,0,0,0,0,0,0,0,0,0
"676",2016-11-06,"Dimanche",0,0,0,"11",0,0,0,0,0,0,0,0,0,0,0,0,0,0
"677",2016-11-07,"Lundi",0,0,0,"11",0,0,0,0,0,0,0,0,0,0,0,0,0,0
"678",2016-11-08,"Mardi",0,0,0,"11",0,0,0,0,0,0,0,0,0,0,0,0,0,0
"679",2016-11-09,"Mercredi",0,0,0,"11",0,0,0,0,0,0,0,0,0,0,0,0,0,0
"680",2016-11-10,"Jeudi",0,0,0,"11",0,0,0,0,0,0,0,0,0,0,0,0,0,0
"681",2016-11-11,"Vendredi",1,0,0,"11",0,1,0,0,0,0,0,0,0,0,0,0,0,0
"682",2016-11-12,"Samedi",0,0,0,"11",0,0,0,0,0,0,0,0,0,0,0,0,0,0
"683",2016-11-13,"Dimanche",0,0,0,"11",0,0,0,0,0,0,0,0,0,0,0,0,0,0
"684",2016-11-14,"Lundi",0,0,0,"11",0,0,0,0,0,0,0,0,0,0,0,0,0,0
"685",2016-11-15,"Mardi",0,0,0,"11",0,0,0,0,0,0,0,0,0,0,0,0,0,0
"686",2016-11-16,"Mercredi",0,0,0,"11",0,0,0,0,0,0,0,0,0,0,0,0,0,0
"687",2016-11-17,"Jeudi",0,0,0,"11",0,0,0,0,0,0,0,0,0,0,0,0,0,0
"688",2016-11-18,"Vendredi",0,0,0,"11",0,0,0,0,0,0,0,0,0,0,0,0,0,0
"689",2016-11-19,"Samedi",0,0,0,"11",0,0,0,0,0,0,0,0,0,0,0,0,0,0
"690",2016-11-20,"Dimanche",0,0,0,"11",0,0,0,0,0,0,0,0,0,0,0,0,0,0
"691",2016-11-21,"Lundi",0,0,0,"11",0,0,0,0,0,0,0,0,0,0,0,0,0,0
"692",2016-11-22,"Mardi",0,0,0,"11",0,0,0,0,0,0,0,0,0,0,0,0,0,0
"693",2016-11-23,"Mercredi",0,0,0,"11",0,0,0,0,0,0,0,0,0,0,0,0,0,0
"694",2016-11-24,"Jeudi",0,0,0,"11",0,0,0,0,0,0,0,0,0,0,0,0,0,0
"695",2016-11-25,"Vendredi",0,0,0,"11",0,0,0,0,0,0,0,0,0,0,0,0,0,0
"696",2016-11-26,"Samedi",0,0,0,"11",0,0,0,0,0,0,0,0,0,0,0,0,0,0
"697",2016-11-27,"Dimanche",0,0,0,"11",0,0,0,0,0,0,0,0,0,0,0,0,0,0
"698",2016-11-28,"Lundi",0,0,0,"11",0,0,0,0,0,0,0,0,0,0,0,0,0,0
"699",2016-11-29,"Mardi",0,0,0,"11",0,0,0,0,0,0,0,0,0,0,0,0,0,0
"700",2016-11-30,"Mercredi",0,0,0,"11",0,0,0,0,0,0,0,0,0,0,0,0,0,0
"701",2016-12-01,"Jeudi",0,0,0,"12",0,0,0,0,0,0,0,0,0,0,0,0,0,0
"702",2016-12-02,"Vendredi",0,0,0,"12",0,0,0,0,0,0,0,0,0,0,0,0,0,0
"703",2016-12-03,"Samedi",0,0,0,"12",0,0,0,0,0,0,0,0,0,0,0,0,0,0
"704",2016-12-04,"Dimanche",0,0,0,"12",0,0,0,0,0,0,0,0,0,0,0,0,0,0
"705",2016-12-05,"Lundi",0,0,0,"12",0,0,0,0,0,0,0,0,0,0,0,0,0,0
"706",2016-12-06,"Mardi",0,0,0,"12",0,0,0,0,0,0,1,0,0,0,0,0,0,0
"707",2016-12-07,"Mercredi",0,0,0,"12",0,0,0,0,0,0,1,0,0,0,0,0,0,0
"708",2016-12-08,"Jeudi",0,0,0,"12",0,0,0,0,0,0,1,0,0,0,0,0,0,0
"709",2016-12-09,"Vendredi",0,0,0,"12",0,0,0,0,0,0,1,0,0,0,0,0,0,0
"710",2016-12-10,"Samedi",0,0,0,"12",0,0,0,0,0,0,0,0,0,0,0,0,0,0
"711",2016-12-11,"Dimanche",0,0,0,"12",0,0,0,0,0,0,0,0,0,0,0,0,0,0
"712",2016-12-12,"Lundi",0,0,0,"12",0,0,0,0,0,0,0,0,0,0,0,0,0,0
"713",2016-12-13,"Mardi",0,0,0,"12",0,0,0,0,0,0,0,0,0,0,0,0,0,0
"714",2016-12-14,"Mercredi",0,0,0,"12",0,0,0,0,0,0,0,0,0,0,0,0,0,0
"715",2016-12-15,"Jeudi",0,0,0,"12",0,0,0,0,0,0,0,0,0,0,0,0,0,0
"716",2016-12-16,"Vendredi",0,0,0,"12",0,0,0,0,0,0,1,0,0,0,0,0,0,0
"717",2016-12-17,"Samedi",0,0,0,"12",0,0,0,0,0,0,1,0,0,0,0,0,0,0
"718",2016-12-18,"Dimanche",0,1,0,"12",0,0,0,0,0,0,0,0,0,0,0,0,0,1
"719",2016-12-19,"Lundi",0,1,0,"12",0,0,0,0,0,0,0,0,0,0,0,0,1,0
"720",2016-12-20,"Mardi",0,1,0,"12",0,0,0,0,0,0,0,0,0,0,0,0,1,0
"721",2016-12-21,"Mercredi",0,1,0,"12",0,0,0,0,0,0,0,0,0,0,0,0,1,0
"722",2016-12-22,"Jeudi",0,1,0,"12",0,0,0,0,0,0,0,0,0,0,0,0,1,0
"723",2016-12-23,"Vendredi",0,1,0,"12",0,0,0,0,0,0,0,0,0,0,0,0,1,0
"724",2016-12-24,"Samedi",0,1,0,"12",0,0,0,0,0,0,0,0,0,0,0,0,0,1
"725",2016-12-25,"Dimanche",1,1,0,"12",0,0,1,0,0,0,0,0,0,0,0,0,0,1
"726",2016-12-26,"Lundi",0,1,0,"12",0,0,0,0,0,0,0,0,0,0,0,0,1,0
"727",2016-12-27,"Mardi",0,1,0,"12",0,0,0,0,0,0,0,0,0,0,0,0,1,0
"728",2016-12-28,"Mercredi",0,1,0,"12",0,0,0,0,0,0,0,0,0,0,0,0,1,0
"729",2016-12-29,"Jeudi",0,1,0,"12",0,0,0,0,0,0,0,0,0,0,0,0,1,0
"730",2016-12-30,"Vendredi",0,1,0,"12",0,0,0,0,0,0,0,0,0,0,0,0,1,0
"731",2016-12-31,"Samedi",0,1,0,"12",0,0,0,0,0,0,0,0,0,0,0,0,0,1
"732",2017-01-01,"Dimanche",1,1,0,"01",0,0,1,0,0,0,0,0,0,0,0,0,0,1
"733",2017-01-02,"Lundi",0,1,0,"01",0,0,0,0,0,0,0,0,0,0,0,0,1,0
"734",2017-01-03,"Mardi",0,0,0,"01",0,0,0,0,0,0,0,0,0,0,0,0,0,0
"735",2017-01-04,"Mercredi",0,0,0,"01",0,0,0,0,0,0,0,0,0,0,0,0,0,0
"736",2017-01-05,"Jeudi",0,0,0,"01",0,0,0,0,0,0,0,0,0,0,0,0,0,0
"737",2017-01-06,"Vendredi",0,0,0,"01",0,0,0,0,0,0,0,0,0,0,0,0,0,0
"738",2017-01-07,"Samedi",0,0,0,"01",0,0,0,0,0,0,0,0,0,0,0,0,0,0
"739",2017-01-08,"Dimanche",0,0,0,"01",0,0,0,0,0,0,0,0,0,0,0,0,0,0
"740",2017-01-09,"Lundi",0,0,0,"01",0,0,0,0,0,0,0,0,0,0,0,0,0,0
"741",2017-01-10,"Mardi",0,0,0,"01",0,0,0,0,0,0,0,0,0,0,0,0,0,0
"742",2017-01-11,"Mercredi",0,0,0,"01",0,0,0,0,0,0,0,0,0,0,0,0,0,0
"743",2017-01-12,"Jeudi",0,0,0,"01",0,0,0,0,0,0,0,0,0,0,0,0,0,0
"744",2017-01-13,"Vendredi",0,0,0,"01",0,0,0,0,0,0,0,0,0,0,0,0,0,0
"745",2017-01-14,"Samedi",0,0,0,"01",0,0,0,0,0,0,0,0,0,0,0,0,0,0
"746",2017-01-15,"Dimanche",0,0,0,"01",0,0,0,0,0,0,0,0,0,0,0,0,0,0
"747",2017-01-16,"Lundi",0,0,0,"01",0,0,0,0,0,0,0,0,0,0,0,0,0,0
"748",2017-01-17,"Mardi",0,0,0,"01",0,0,0,0,0,0,0,0,0,0,0,0,0,0
"749",2017-01-18,"Mercredi",0,0,0,"01",0,0,0,0,0,0,0,0,0,0,0,0,0,0
"750",2017-01-19,"Jeudi",0,0,0,"01",0,0,0,0,0,0,0,0,0,0,0,0,0,0
"751",2017-01-20,"Vendredi",0,0,0,"01",0,0,0,0,0,0,0,0,0,0,0,0,0,0
"752",2017-01-21,"Samedi",0,0,0,"01",0,0,0,0,0,0,0,0,0,0,0,0,0,0
"753",2017-01-22,"Dimanche",0,0,0,"01",0,0,0,0,0,0,0,0,0,0,0,0,0,0
"754",2017-01-23,"Lundi",0,0,0,"01",0,0,0,0,0,0,0,0,0,0,0,0,0,0
"755",2017-01-24,"Mardi",0,0,0,"01",0,0,0,0,0,0,0,0,0,0,0,0,0,0
"756",2017-01-25,"Mercredi",0,0,0,"01",0,0,0,0,0,0,0,0,0,0,0,0,0,0
"757",2017-01-26,"Jeudi",0,0,0,"01",0,0,0,0,0,0,0,0,0,0,0,0,0,0
"758",2017-01-27,"Vendredi",0,0,0,"01",0,0,0,0,0,0,0,0,0,0,0,0,0,0
"759",2017-01-28,"Samedi",0,0,0,"01",0,0,0,0,0,0,0,0,0,0,0,0,0,0
"760",2017-01-29,"Dimanche",0,0,0,"01",0,0,0,0,0,0,0,0,0,0,0,0,0,0
"761",2017-01-30,"Lundi",0,0,0,"01",0,0,0,0,0,0,0,0,0,0,0,0,0,0
"762",2017-01-31,"Mardi",0,0,0,"01",0,0,0,0,0,0,0,0,0,0,0,0,0,0
"763",2017-02-01,"Mercredi",0,0,0,"02",0,0,0,0,0,0,0,0,0,0,0,0,0,0
"764",2017-02-02,"Jeudi",0,0,0,"02",0,0,0,0,0,0,0,0,0,0,0,0,0,0
"765",2017-02-03,"Vendredi",0,0,0,"02",0,0,0,0,0,0,0,0,0,0,0,0,0,0
"766",2017-02-04,"Samedi",0,0,0,"02",0,0,0,0,0,0,0,1,0,0,0,0,0,0
"767",2017-02-05,"Dimanche",0,1,0,"02",0,0,0,0,0,0,0,0,0,0,0,0,0,1
"768",2017-02-06,"Lundi",0,1,0,"02",0,0,0,0,0,0,0,0,0,0,0,0,1,0
"769",2017-02-07,"Mardi",0,1,0,"02",0,0,0,0,0,0,0,0,0,0,0,0,1,0
"770",2017-02-08,"Mercredi",0,1,0,"02",0,0,0,0,0,0,0,0,0,0,0,0,1,0
"771",2017-02-09,"Jeudi",0,1,0,"02",0,0,0,0,0,0,0,0,0,0,0,0,1,0
"772",2017-02-10,"Vendredi",0,1,0,"02",0,0,0,0,0,0,0,0,0,0,0,0,1,0
"773",2017-02-11,"Samedi",0,1,0,"02",0,0,0,0,0,0,0,0,0,0,0,0,0,1
"774",2017-02-12,"Dimanche",0,1,0,"02",0,0,0,0,0,0,0,0,0,0,0,0,0,1
"775",2017-02-13,"Lundi",0,1,0,"02",0,0,0,0,0,0,0,0,0,0,0,0,1,0
"776",2017-02-14,"Mardi",0,1,0,"02",0,0,0,0,0,0,0,0,0,0,0,0,1,0
"777",2017-02-15,"Mercredi",0,1,0,"02",0,0,0,0,0,0,0,0,0,0,0,0,1,0
"778",2017-02-16,"Jeudi",0,1,0,"02",0,0,0,0,0,0,0,0,0,0,0,0,1,0
"779",2017-02-17,"Vendredi",0,1,0,"02",0,0,0,0,0,0,0,0,0,0,0,0,1,0
"780",2017-02-18,"Samedi",0,1,0,"02",0,0,0,0,0,0,0,0,0,0,0,0,0,1
"781",2017-02-19,"Dimanche",0,1,0,"02",0,0,0,0,0,0,0,0,0,0,0,0,0,1
"782",2017-02-20,"Lundi",0,0,0,"02",0,0,0,0,0,0,0,0,0,0,0,0,0,0
"783",2017-02-21,"Mardi",0,0,0,"02",0,0,0,0,0,0,0,0,0,0,0,0,0,0
"784",2017-02-22,"Mercredi",0,0,0,"02",0,0,0,0,0,0,0,0,0,0,0,0,0,0
"785",2017-02-23,"Jeudi",0,0,0,"02",0,0,0,0,0,0,0,0,0,0,0,0,0,0
"786",2017-02-24,"Vendredi",0,0,0,"02",0,0,0,0,0,0,0,0,0,0,0,0,0,0
"787",2017-02-25,"Samedi",0,0,0,"02",0,0,0,0,0,0,0,0,0,0,0,0,0,0
"788",2017-02-26,"Dimanche",0,0,0,"02",0,0,0,0,0,0,0,0,0,0,0,0,0,0
"789",2017-02-27,"Lundi",0,0,0,"02",0,0,0,0,0,0,0,0,0,0,0,0,0,0
"790",2017-02-28,"Mardi",0,0,0,"02",0,0,0,0,0,0,0,0,0,0,0,0,0,0
"791",2017-03-01,"Mercredi",0,0,0,"03",0,0,0,0,0,0,0,0,0,0,0,0,0,0
"792",2017-03-02,"Jeudi",0,0,0,"03",0,0,0,0,0,0,0,0,0,0,0,0,0,0
"793",2017-03-03,"Vendredi",0,0,0,"03",0,0,0,0,0,0,0,0,0,0,0,0,0,0
"794",2017-03-04,"Samedi",0,0,0,"03",0,0,0,0,0,0,0,0,0,0,0,0,0,0
"795",2017-03-05,"Dimanche",0,0,0,"03",0,0,0,0,0,0,0,0,0,0,0,0,0,0
"796",2017-03-06,"Lundi",0,0,0,"03",0,0,0,0,0,0,0,0,0,0,0,0,0,0
"797",2017-03-07,"Mardi",0,0,0,"03",0,0,0,0,0,0,0,0,0,0,0,0,0,0
"798",2017-03-08,"Mercredi",0,0,0,"03",0,0,0,0,0,0,0,0,0,0,0,0,0,0
"799",2017-03-09,"Jeudi",0,0,0,"03",0,0,0,0,0,0,0,0,0,0,0,0,0,0
"800",2017-03-10,"Vendredi",0,0,0,"03",0,0,0,0,0,0,0,0,0,0,0,0,0,0
"801",2017-03-11,"Samedi",0,0,0,"03",0,0,0,0,0,0,0,0,0,0,0,0,0,0
"802",2017-03-12,"Dimanche",0,0,0,"03",0,0,0,0,0,0,0,0,0,0,0,0,0,0
"803",2017-03-13,"Lundi",0,0,0,"03",0,0,0,0,0,0,0,0,0,0,0,0,0,0
"804",2017-03-14,"Mardi",0,0,0,"03",0,0,0,0,0,0,0,0,0,0,0,0,0,0
"805",2017-03-15,"Mercredi",0,0,0,"03",0,0,0,0,0,0,0,0,0,0,0,0,0,0
"806",2017-03-16,"Jeudi",0,0,0,"03",0,0,0,0,0,0,0,0,0,0,0,0,0,0
"807",2017-03-17,"Vendredi",0,0,0,"03",0,0,0,0,0,0,0,0,0,0,0,0,0,0
"808",2017-03-18,"Samedi",0,0,0,"03",0,0,0,0,0,0,0,0,0,0,0,0,0,0
"809",2017-03-19,"Dimanche",0,0,0,"03",0,0,0,0,0,0,0,0,0,0,0,0,0,0
"810",2017-03-20,"Lundi",0,0,0,"03",0,0,0,0,0,0,0,0,0,0,0,0,0,0
"811",2017-03-21,"Mardi",0,0,0,"03",0,0,0,0,0,0,0,0,0,0,0,0,0,0
"812",2017-03-22,"Mercredi",0,0,0,"03",0,0,0,0,0,0,0,0,0,0,0,0,0,0
"813",2017-03-23,"Jeudi",0,0,0,"03",0,0,0,0,0,0,0,0,0,0,0,0,0,0
"814",2017-03-24,"Vendredi",0,0,0,"03",0,0,0,0,0,0,0,0,0,0,0,0,0,0
"815",2017-03-25,"Samedi",0,0,0,"03",0,0,0,0,0,0,0,0,0,0,0,0,0,0
"816",2017-03-26,"Dimanche",0,0,0,"03",0,0,0,0,0,0,0,0,0,0,0,0,0,0
"817",2017-03-27,"Lundi",0,0,0,"03",0,0,0,0,0,0,0,0,0,0,0,0,0,0
"818",2017-03-28,"Mardi",0,0,0,"03",0,0,0,0,0,0,0,0,0,0,0,0,0,0
"819",2017-03-29,"Mercredi",0,0,0,"03",0,0,0,0,0,0,0,0,0,0,0,0,0,0
"820",2017-03-30,"Jeudi",0,0,0,"03",0,0,0,0,0,0,0,0,0,0,0,0,0,0
"821",2017-03-31,"Vendredi",0,0,0,"03",0,0,0,0,0,0,0,0,0,0,0,0,0,0
"822",2017-04-01,"Samedi",0,0,0,"04",0,0,0,0,0,0,0,0,0,0,0,0,0,0
"823",2017-04-02,"Dimanche",0,1,0,"04",0,0,0,0,0,0,0,0,0,0,0,0,0,1
"824",2017-04-03,"Lundi",0,1,0,"04",0,0,0,0,0,0,0,0,0,0,0,0,1,0
"825",2017-04-04,"Mardi",0,1,0,"04",0,0,0,0,0,0,0,0,0,0,0,0,1,0
"826",2017-04-05,"Mercredi",0,1,0,"04",0,0,0,0,0,0,0,0,0,0,0,0,1,0
"827",2017-04-06,"Jeudi",0,1,0,"04",0,0,0,0,0,0,0,0,0,0,0,0,1,0
"828",2017-04-07,"Vendredi",0,1,0,"04",0,0,0,0,0,0,0,0,0,0,0,0,1,0
"829",2017-04-08,"Samedi",0,1,0,"04",0,0,0,0,0,0,0,0,0,0,0,0,0,1
"830",2017-04-09,"Dimanche",0,1,0,"04",0,0,0,0,0,0,0,0,0,0,0,0,0,1
"831",2017-04-10,"Lundi",0,1,0,"04",0,0,0,0,0,0,0,0,0,0,0,0,1,0
"832",2017-04-11,"Mardi",0,1,0,"04",0,0,0,0,0,0,0,0,0,0,0,0,1,0
"833",2017-04-12,"Mercredi",0,1,0,"04",0,0,0,0,0,0,0,0,0,0,0,0,1,0
"834",2017-04-13,"Jeudi",0,1,0,"04",0,0,0,0,0,0,0,0,0,0,0,0,1,0
"835",2017-04-14,"Vendredi",0,1,0,"04",0,0,0,0,0,0,0,0,0,0,0,0,1,0
"836",2017-04-15,"Samedi",0,1,0,"04",0,0,0,0,0,0,0,0,0,0,0,0,0,1
"837",2017-04-16,"Dimanche",0,1,0,"04",0,0,0,0,0,0,0,0,0,0,0,0,0,1
"838",2017-04-17,"Lundi",1,1,0,"04",0,1,0,0,0,0,0,0,0,0,0,0,1,0
"839",2017-04-18,"Mardi",0,0,0,"04",0,0,0,0,0,0,0,0,0,0,0,0,0,0
"840",2017-04-19,"Mercredi",0,0,0,"04",0,0,0,0,0,0,0,0,0,0,0,0,0,0
"841",2017-04-20,"Jeudi",0,0,0,"04",0,0,0,0,0,0,0,0,0,0,0,0,0,0
"842",2017-04-21,"Vendredi",0,0,0,"04",0,0,0,0,0,0,0,0,0,0,0,0,0,0
"843",2017-04-22,"Samedi",0,0,0,"04",0,0,0,0,0,0,0,0,0,0,0,0,0,0
"844",2017-04-23,"Dimanche",0,0,0,"04",0,0,0,0,0,0,0,0,0,0,0,0,0,0
"845",2017-04-24,"Lundi",0,0,0,"04",0,0,0,0,0,0,0,0,0,0,0,0,0,0
"846",2017-04-25,"Mardi",0,0,0,"04",0,0,0,0,0,0,0,0,0,0,0,0,0,0
"847",2017-04-26,"Mercredi",0,0,0,"04",0,0,0,0,0,0,0,0,0,0,0,0,0,0
"848",2017-04-27,"Jeudi",0,0,0,"04",0,0,0,0,0,0,0,0,0,0,0,0,0,0
"849",2017-04-28,"Vendredi",0,0,0,"04",0,0,0,0,0,0,0,0,0,0,0,0,0,0
"850",2017-04-29,"Samedi",0,0,0,"04",0,0,0,0,0,0,0,0,0,0,0,0,0,0
"851",2017-04-30,"Dimanche",0,0,0,"04",0,0,0,0,0,0,0,0,0,0,0,0,0,0
"852",2017-05-01,"Lundi",1,0,0,"05",0,1,0,0,0,0,0,0,0,0,0,0,0,0
"853",2017-05-02,"Mardi",0,0,0,"05",0,0,0,0,0,0,0,0,0,0,0,0,0,0
"854",2017-05-03,"Mercredi",0,0,0,"05",0,0,0,0,0,0,0,0,0,0,0,0,0,0
"855",2017-05-04,"Jeudi",0,0,0,"05",0,0,0,0,0,0,0,0,0,0,0,0,0,0
"856",2017-05-05,"Vendredi",0,0,0,"05",0,0,0,0,0,0,0,0,0,0,1,0,0,0
"857",2017-05-06,"Samedi",0,0,0,"05",0,0,0,0,0,0,0,0,0,0,0,1,0,0
"858",2017-05-07,"Dimanche",0,0,0,"05",0,0,0,0,0,0,0,0,0,0,0,1,0,0
"859",2017-05-08,"Lundi",1,0,0,"05",0,1,0,0,0,0,0,0,0,0,0,1,0,0
"860",2017-05-09,"Mardi",0,0,0,"05",0,0,0,0,0,0,0,0,0,0,0,0,0,0
"861",2017-05-10,"Mercredi",0,0,0,"05",0,0,0,0,0,0,0,0,0,0,0,0,0,0
"862",2017-05-11,"Jeudi",0,0,0,"05",0,0,0,0,0,0,0,0,0,0,0,0,0,0
"863",2017-05-12,"Vendredi",0,0,0,"05",0,0,0,0,0,0,0,0,0,0,0,0,0,0
"864",2017-05-13,"Samedi",0,0,0,"05",0,0,0,0,0,0,0,0,0,0,0,0,0,0
"865",2017-05-14,"Dimanche",0,0,0,"05",0,0,0,0,0,0,0,0,0,0,0,0,0,0
"866",2017-05-15,"Lundi",0,0,0,"05",0,0,0,0,0,0,0,0,0,0,0,0,0,0
"867",2017-05-16,"Mardi",0,0,0,"05",0,0,0,0,0,0,0,0,0,0,0,0,0,0
"868",2017-05-17,"Mercredi",0,0,0,"05",0,0,0,0,0,0,0,0,0,0,0,0,0,0
"869",2017-05-18,"Jeudi",0,0,0,"05",0,0,0,0,0,0,0,0,0,0,0,0,0,0
"870",2017-05-19,"Vendredi",0,0,0,"05",0,0,0,0,0,0,0,0,0,0,0,0,0,0
"871",2017-05-20,"Samedi",0,0,0,"05",0,0,0,0,0,0,0,0,0,0,0,0,0,0
"872",2017-05-21,"Dimanche",0,0,0,"05",0,0,0,0,0,0,0,0,0,0,0,0,0,0
"873",2017-05-22,"Lundi",0,0,0,"05",0,0,0,0,0,0,0,0,0,0,0,0,0,0
"874",2017-05-23,"Mardi",0,0,0,"05",0,0,0,0,0,0,0,0,0,0,0,0,0,0
"875",2017-05-24,"Mercredi",0,0,0,"05",0,0,0,0,0,0,0,0,0,0,0,0,0,0
"876",2017-05-25,"Jeudi",1,0,0,"05",0,1,0,0,0,0,0,0,0,0,0,0,0,0
"877",2017-05-26,"Vendredi",0,0,1,"05",0,0,0,0,0,1,0,0,0,0,0,0,0,0
"878",2017-05-27,"Samedi",0,0,0,"05",0,0,0,0,0,0,0,0,0,0,0,0,0,0
"879",2017-05-28,"Dimanche",0,0,0,"05",0,0,0,0,0,0,0,0,0,0,0,0,0,0
"880",2017-05-29,"Lundi",0,0,0,"05",0,0,0,0,0,0,0,0,0,0,0,0,0,0
"881",2017-05-30,"Mardi",0,0,0,"05",0,0,0,0,0,0,0,0,0,0,0,0,0,0
"882",2017-05-31,"Mercredi",0,0,0,"05",0,0,0,0,0,0,0,0,0,0,0,0,0,0
"883",2017-06-01,"Jeudi",0,0,0,"06",0,0,0,0,0,0,0,0,0,0,0,0,0,0
"884",2017-06-02,"Vendredi",0,0,0,"06",0,0,0,0,0,0,0,0,0,0,0,0,0,0
"885",2017-06-03,"Samedi",0,0,0,"06",0,0,0,0,0,0,0,0,0,0,0,0,0,0
"886",2017-06-04,"Dimanche",0,0,0,"06",0,0,0,0,0,0,0,0,0,0,0,0,0,0
"887",2017-06-05,"Lundi",1,0,0,"06",0,1,0,0,0,0,0,0,0,0,0,0,0,0
"888",2017-06-06,"Mardi",0,0,0,"06",0,0,0,0,0,0,0,0,0,0,0,0,0,0
"889",2017-06-07,"Mercredi",0,0,0,"06",0,0,0,0,0,0,0,0,0,0,0,0,0,0
"890",2017-06-08,"Jeudi",0,0,0,"06",0,0,0,0,0,0,0,0,0,0,0,0,0,0
"891",2017-06-09,"Vendredi",0,0,0,"06",0,0,0,0,0,0,0,0,0,0,0,0,0,0
"892",2017-06-10,"Samedi",0,0,0,"06",0,0,0,0,0,0,0,0,0,0,0,0,0,0
"893",2017-06-11,"Dimanche",0,0,0,"06",0,0,0,0,0,0,0,0,0,0,0,0,0,0
"894",2017-06-12,"Lundi",0,0,0,"06",0,0,0,0,0,0,0,0,0,0,0,0,0,0
"895",2017-06-13,"Mardi",0,0,0,"06",0,0,0,0,0,0,0,0,0,0,0,0,0,0
"896",2017-06-14,"Mercredi",0,0,0,"06",0,0,0,0,0,0,0,0,0,0,0,0,0,0
"897",2017-06-15,"Jeudi",0,0,0,"06",0,0,0,0,0,0,0,0,0,0,0,0,0,0
"898",2017-06-16,"Vendredi",0,0,0,"06",0,0,0,0,0,0,0,0,0,0,0,0,0,0
"899",2017-06-17,"Samedi",0,0,0,"06",0,0,0,0,0,0,0,0,0,0,0,0,0,0
"900",2017-06-18,"Dimanche",0,0,0,"06",0,0,0,0,0,0,0,0,0,0,0,0,0,0
"901",2017-06-19,"Lundi",0,0,0,"06",0,0,0,0,0,0,0,0,0,0,0,0,0,0
"902",2017-06-20,"Mardi",0,0,0,"06",0,0,0,0,0,0,0,0,0,0,0,0,0,0
"903",2017-06-21,"Mercredi",0,0,0,"06",0,0,0,0,0,0,0,0,0,0,0,0,0,0
"904",2017-06-22,"Jeudi",0,0,0,"06",0,0,0,0,0,0,0,0,0,0,0,0,0,0
"905",2017-06-23,"Vendredi",0,0,0,"06",0,0,0,0,0,0,0,0,0,0,0,0,0,0
"906",2017-06-24,"Samedi",0,0,0,"06",0,0,0,0,0,0,0,0,0,0,0,0,0,0
"907",2017-06-25,"Dimanche",0,0,0,"06",0,0,0,0,0,0,0,0,0,0,0,0,0,0
"908",2017-06-26,"Lundi",0,0,0,"06",0,0,0,0,0,0,0,0,0,0,0,0,0,0
"909",2017-06-27,"Mardi",0,0,0,"06",0,0,0,0,0,0,0,0,0,0,0,0,0,0
"910",2017-06-28,"Mercredi",0,0,0,"06",0,0,0,0,0,0,0,0,0,0,0,0,0,0
"911",2017-06-29,"Jeudi",0,0,0,"06",0,0,0,0,0,0,0,0,0,0,0,0,0,0
"912",2017-06-30,"Vendredi",0,0,0,"06",0,0,0,0,0,0,0,0,0,0,0,0,0,0
"913",2017-07-01,"Samedi",0,0,0,"07",0,0,0,0,0,0,0,0,0,0,0,0,0,0
"914",2017-07-02,"Dimanche",0,0,0,"07",0,0,0,0,0,0,0,0,0,0,0,0,0,0
"915",2017-07-03,"Lundi",0,0,0,"07",0,0,0,0,0,0,0,0,0,0,0,0,0,0
"916",2017-07-04,"Mardi",0,0,0,"07",0,0,0,0,0,0,0,0,0,0,0,0,0,0
"917",2017-07-05,"Mercredi",0,0,0,"07",0,0,0,0,0,0,0,0,0,0,0,0,0,0
"918",2017-07-06,"Jeudi",0,0,0,"07",0,0,0,0,0,0,0,0,0,0,0,0,0,0
"919",2017-07-07,"Vendredi",0,0,0,"07",0,0,0,0,0,0,0,0,0,0,0,0,0,0
"920",2017-07-08,"Samedi",0,0,0,"07",0,0,0,0,0,0,0,0,0,0,0,0,0,0
"921",2017-07-09,"Dimanche",0,1,0,"07",0,0,0,0,0,0,0,0,0,0,0,0,0,1
"922",2017-07-10,"Lundi",0,1,0,"07",0,0,0,0,0,0,0,0,0,0,0,0,1,0
"923",2017-07-11,"Mardi",0,1,0,"07",0,0,0,0,0,0,0,0,0,0,0,0,1,0
"924",2017-07-12,"Mercredi",0,1,0,"07",0,0,0,0,0,0,0,0,0,0,0,0,1,0
"925",2017-07-13,"Jeudi",0,1,0,"07",0,0,0,0,0,0,0,0,0,0,0,0,1,0
"926",2017-07-14,"Vendredi",1,1,0,"07",0,1,0,0,0,0,0,0,0,0,0,0,1,0
"927",2017-07-15,"Samedi",0,1,0,"07",0,0,0,0,0,0,0,0,0,0,0,0,0,1
"928",2017-07-16,"Dimanche",0,1,0,"07",0,0,0,0,0,0,0,0,0,0,0,0,0,1
"929",2017-07-17,"Lundi",0,1,0,"07",0,0,0,0,0,0,0,0,0,0,0,0,1,0
"930",2017-07-18,"Mardi",0,1,0,"07",0,0,0,0,0,0,0,0,0,0,0,0,1,0
"931",2017-07-19,"Mercredi",0,1,0,"07",0,0,0,0,0,0,0,0,0,0,0,0,1,0
"932",2017-07-20,"Jeudi",0,1,0,"07",0,0,0,0,0,0,0,0,0,0,0,0,1,0
"933",2017-07-21,"Vendredi",0,1,0,"07",0,0,0,0,0,0,0,0,0,0,0,0,1,0
"934",2017-07-22,"Samedi",0,1,0,"07",0,0,0,0,0,0,0,0,0,0,0,0,0,1
"935",2017-07-23,"Dimanche",0,1,0,"07",0,0,0,0,0,0,0,0,0,0,0,0,0,1
"936",2017-07-24,"Lundi",0,1,0,"07",0,0,0,0,0,0,0,0,0,0,0,0,1,0
"937",2017-07-25,"Mardi",0,1,0,"07",0,0,0,0,0,0,0,0,0,0,0,0,1,0
"938",2017-07-26,"Mercredi",0,1,0,"07",0,0,0,0,0,0,0,0,0,0,0,0,1,0
"939",2017-07-27,"Jeudi",0,1,0,"07",0,0,0,0,0,0,0,0,0,0,0,0,1,0
"940",2017-07-28,"Vendredi",0,1,0,"07",0,0,0,0,0,0,0,0,0,0,0,0,1,0
"941",2017-07-29,"Samedi",0,1,0,"07",1,0,0,0,1,0,0,0,0,0,0,0,0,1
"942",2017-07-30,"Dimanche",0,1,0,"07",1,0,0,0,1,0,0,0,0,0,0,0,0,1
"943",2017-07-31,"Lundi",0,1,0,"07",1,0,0,1,0,0,0,0,0,0,0,0,1,0
"944",2017-08-01,"Mardi",0,1,0,"08",1,0,0,1,0,0,0,0,0,0,0,0,1,0
"945",2017-08-02,"Mercredi",0,1,0,"08",1,0,0,1,0,0,0,0,0,0,0,0,1,0
"946",2017-08-03,"Jeudi",0,1,0,"08",1,0,0,1,0,0,0,0,0,0,0,0,1,0
"947",2017-08-04,"Vendredi",0,1,0,"08",1,0,0,1,0,0,0,0,0,0,0,0,1,0
"948",2017-08-05,"Samedi",0,1,0,"08",1,0,0,0,1,0,0,0,0,0,0,0,0,1
"949",2017-08-06,"Dimanche",0,1,0,"08",1,0,0,0,1,0,0,0,0,0,0,0,0,1
"950",2017-08-07,"Lundi",0,1,0,"08",1,0,0,1,0,0,0,0,0,0,0,0,1,0
"951",2017-08-08,"Mardi",0,1,0,"08",1,0,0,1,0,0,0,0,0,0,0,0,1,0
"952",2017-08-09,"Mercredi",0,1,0,"08",1,0,0,1,0,0,0,0,0,0,0,0,1,0
"953",2017-08-10,"Jeudi",0,1,0,"08",1,0,0,1,0,0,0,0,0,0,0,0,1,0
"954",2017-08-11,"Vendredi",0,1,0,"08",1,0,0,1,0,0,0,0,0,0,0,0,1,0
"955",2017-08-12,"Samedi",0,1,0,"08",1,0,0,0,1,0,0,0,0,0,0,0,0,1
"956",2017-08-13,"Dimanche",0,1,0,"08",1,0,0,0,1,0,0,0,0,0,0,0,0,1
"957",2017-08-14,"Lundi",0,1,1,"08",1,0,0,1,0,1,0,0,0,0,0,0,1,0
"958",2017-08-15,"Mardi",1,1,0,"08",1,1,0,0,1,0,0,0,0,0,0,0,1,0
"959",2017-08-16,"Mercredi",0,1,0,"08",1,0,0,1,0,0,0,0,0,0,0,0,1,0
"960",2017-08-17,"Jeudi",0,1,0,"08",1,0,0,1,0,0,0,0,0,0,0,0,1,0
"961",2017-08-18,"Vendredi",0,1,0,"08",1,0,0,1,0,0,0,0,0,0,0,0,1,0
"962",2017-08-19,"Samedi",0,1,0,"08",1,0,0,0,1,0,0,0,0,0,0,0,0,1
"963",2017-08-20,"Dimanche",0,1,0,"08",1,0,0,0,1,0,0,0,0,0,0,0,0,1
"964",2017-08-21,"Lundi",0,1,0,"08",1,0,0,1,0,0,0,0,0,0,0,0,1,0
"965",2017-08-22,"Mardi",0,1,0,"08",1,0,0,1,0,0,0,0,0,0,0,0,1,0
"966",2017-08-23,"Mercredi",0,1,0,"08",1,0,0,1,0,0,0,0,0,0,0,0,1,0
"967",2017-08-24,"Jeudi",0,1,0,"08",1,0,0,1,0,0,0,0,0,0,0,0,1,0
"968",2017-08-25,"Vendredi",0,1,0,"08",1,0,0,1,0,0,0,0,0,0,0,0,1,0
"969",2017-08-26,"Samedi",0,1,0,"08",1,0,0,0,1,0,0,0,0,0,0,0,0,1
"970",2017-08-27,"Dimanche",0,1,0,"08",1,0,0,0,1,0,0,0,0,0,0,0,0,1
"971",2017-08-28,"Lundi",0,1,0,"08",0,0,0,0,0,0,0,0,0,0,0,0,1,0
"972",2017-08-29,"Mardi",0,1,0,"08",0,0,0,0,0,0,0,0,0,0,0,0,1,0
"973",2017-08-30,"Mercredi",0,1,0,"08",0,0,0,0,0,0,0,0,0,0,0,0,1,0
"974",2017-08-31,"Jeudi",0,1,0,"08",0,0,0,0,0,0,0,0,0,0,0,0,1,0
"975",2017-09-01,"Vendredi",0,1,0,"09",0,0,0,0,0,0,0,0,0,0,0,0,1,0
"976",2017-09-02,"Samedi",0,1,0,"09",0,0,0,0,0,0,0,0,0,0,0,0,0,1
"977",2017-09-03,"Dimanche",0,1,0,"09",0,0,0,0,0,0,0,0,0,0,0,0,0,1
"978",2017-09-04,"Lundi",0,0,0,"09",0,0,0,0,0,0,0,0,0,0,0,0,0,0
"979",2017-09-05,"Mardi",0,0,0,"09",0,0,0,0,0,0,0,0,0,0,0,0,0,0
"980",2017-09-06,"Mercredi",0,0,0,"09",0,0,0,0,0,0,0,0,0,0,0,0,0,0
"981",2017-09-07,"Jeudi",0,0,0,"09",0,0,0,0,0,0,0,0,0,0,0,0,0,0
"982",2017-09-08,"Vendredi",0,0,0,"09",0,0,0,0,0,0,0,0,0,0,0,0,0,0
"983",2017-09-09,"Samedi",0,0,0,"09",0,0,0,0,0,0,0,0,0,0,0,0,0,0
"984",2017-09-10,"Dimanche",0,0,0,"09",0,0,0,0,0,0,0,0,0,0,0,0,0,0
"985",2017-09-11,"Lundi",0,0,0,"09",0,0,0,0,0,0,0,0,0,0,0,0,0,0
"986",2017-09-12,"Mardi",0,0,0,"09",0,0,0,0,0,0,0,0,0,0,0,0,0,0
"987",2017-09-13,"Mercredi",0,0,0,"09",0,0,0,0,0,0,0,0,0,0,0,0,0,0
"988",2017-09-14,"Jeudi",0,0,0,"09",0,0,0,0,0,0,0,0,0,0,0,0,0,0
"989",2017-09-15,"Vendredi",0,0,0,"09",0,0,0,0,0,0,0,0,0,0,0,0,0,0
"990",2017-09-16,"Samedi",0,0,0,"09",0,0,0,0,0,0,0,0,0,0,0,0,0,0
"991",2017-09-17,"Dimanche",0,0,0,"09",0,0,0,0,0,0,0,0,0,0,0,0,0,0
"992",2017-09-18,"Lundi",0,0,0,"09",0,0,0,0,0,0,0,0,0,0,0,0,0,0
"993",2017-09-19,"Mardi",0,0,0,"09",0,0,0,0,0,0,0,0,0,0,0,0,0,0
"994",2017-09-20,"Mercredi",0,0,0,"09",0,0,0,0,0,0,0,0,0,0,0,0,0,0
"995",2017-09-21,"Jeudi",0,0,0,"09",0,0,0,0,0,0,0,0,0,0,0,0,0,0
"996",2017-09-22,"Vendredi",0,0,0,"09",0,0,0,0,0,0,0,0,0,0,0,0,0,0
"997",2017-09-23,"Samedi",0,0,0,"09",0,0,0,0,0,0,0,0,0,0,0,0,0,0
"998",2017-09-24,"Dimanche",0,0,0,"09",0,0,0,0,0,0,0,0,0,0,0,0,0,0
"999",2017-09-25,"Lundi",0,0,0,"09",0,0,0,0,0,0,0,0,0,0,0,0,0,0
"1000",2017-09-26,"Mardi",0,0,0,"09",0,0,0,0,0,0,0,0,0,0,0,0,0,0
"1001",2017-09-27,"Mercredi",0,0,0,"09",0,0,0,0,0,0,0,0,0,0,0,0,0,0
"1002",2017-09-28,"Jeudi",0,0,0,"09",0,0,0,0,0,0,0,0,0,0,0,0,0,0
"1003",2017-09-29,"Vendredi",0,0,0,"09",0,0,0,0,0,0,0,0,0,0,0,0,0,0
"1004",2017-09-30,"Samedi",0,0,0,"09",0,0,0,0,0,0,0,0,0,0,0,0,0,0
"1005",2017-10-01,"Dimanche",0,0,0,"10",0,0,0,0,0,0,0,0,0,0,0,0,0,0
"1006",2017-10-02,"Lundi",0,0,0,"10",0,0,0,0,0,0,0,0,0,0,0,0,0,0
"1007",2017-10-03,"Mardi",0,0,0,"10",0,0,0,0,0,0,0,0,0,0,0,0,0,0
"1008",2017-10-04,"Mercredi",0,0,0,"10",0,0,0,0,0,0,0,0,0,0,0,0,0,0
"1009",2017-10-05,"Jeudi",0,0,0,"10",0,0,0,0,0,0,0,0,0,0,0,0,0,0
"1010",2017-10-06,"Vendredi",0,0,0,"10",0,0,0,0,0,0,0,0,0,0,0,0,0,0
"1011",2017-10-07,"Samedi",0,0,0,"10",0,0,0,0,0,0,0,0,0,0,0,0,0,0
"1012",2017-10-08,"Dimanche",0,0,0,"10",0,0,0,0,0,0,0,0,0,0,0,0,0,0
"1013",2017-10-09,"Lundi",0,0,0,"10",0,0,0,0,0,0,0,0,0,0,0,0,0,0
"1014",2017-10-10,"Mardi",0,0,0,"10",0,0,0,0,0,0,0,0,0,0,0,0,0,0
"1015",2017-10-11,"Mercredi",0,0,0,"10",0,0,0,0,0,0,0,0,0,0,0,0,0,0
"1016",2017-10-12,"Jeudi",0,0,0,"10",0,0,0,0,0,0,0,0,0,0,0,0,0,0
"1017",2017-10-13,"Vendredi",0,0,0,"10",0,0,0,0,0,0,0,0,0,0,0,0,0,0
"1018",2017-10-14,"Samedi",0,0,0,"10",0,0,0,0,0,0,0,0,0,0,0,0,0,0
"1019",2017-10-15,"Dimanche",0,0,0,"10",0,0,0,0,0,0,0,0,0,0,0,0,0,0
"1020",2017-10-16,"Lundi",0,0,0,"10",0,0,0,0,0,0,0,0,0,0,0,0,0,0
"1021",2017-10-17,"Mardi",0,0,0,"10",0,0,0,0,0,0,0,0,0,0,0,0,0,0
"1022",2017-10-18,"Mercredi",0,0,0,"10",0,0,0,0,0,0,0,0,0,0,0,0,0,0
"1023",2017-10-19,"Jeudi",0,0,0,"10",0,0,0,0,0,0,0,0,0,0,0,0,0,0
"1024",2017-10-20,"Vendredi",0,0,0,"10",0,0,0,0,0,0,0,0,0,0,0,0,0,0
"1025",2017-10-21,"Samedi",0,0,0,"10",0,0,0,0,0,0,0,0,0,0,0,0,0,0
"1026",2017-10-22,"Dimanche",0,1,0,"10",0,0,0,0,0,0,0,0,0,0,0,0,0,1
"1027",2017-10-23,"Lundi",0,1,0,"10",0,0,0,0,0,0,0,0,0,0,0,0,1,0
"1028",2017-10-24,"Mardi",0,1,0,"10",0,0,0,0,0,0,0,0,0,0,0,0,1,0
"1029",2017-10-25,"Mercredi",0,1,0,"10",0,0,0,0,0,0,0,0,0,0,0,0,1,0
"1030",2017-10-26,"Jeudi",0,1,0,"10",0,0,0,0,0,0,0,0,0,0,0,0,1,0
"1031",2017-10-27,"Vendredi",0,1,0,"10",0,0,0,0,0,0,0,0,0,0,0,0,1,0
"1032",2017-10-28,"Samedi",0,1,0,"10",0,0,0,0,0,0,0,0,0,0,0,0,0,1
"1033",2017-10-29,"Dimanche",0,1,0,"10",0,0,0,0,0,0,0,0,0,0,0,0,0,1
"1034",2017-10-30,"Lundi",0,1,1,"10",0,0,0,0,0,1,0,0,0,0,0,0,1,0
"1035",2017-10-31,"Mardi",0,1,1,"10",0,0,0,0,0,1,0,0,0,0,0,0,1,0
"1036",2017-11-01,"Mercredi",1,1,0,"11",0,1,0,0,0,0,0,0,0,0,0,0,1,0
"1037",2017-11-02,"Jeudi",0,1,1,"11",0,0,0,0,0,1,0,0,0,0,0,0,1,0
"1038",2017-11-03,"Vendredi",0,1,1,"11",0,0,0,0,0,1,0,0,0,0,0,0,1,0
"1039",2017-11-04,"Samedi",0,1,0,"11",0,0,0,0,0,0,0,0,0,0,0,0,0,1
"1040",2017-11-05,"Dimanche",0,1,0,"11",0,0,0,0,0,0,0,0,0,0,0,0,0,1
"1041",2017-11-06,"Lundi",0,0,0,"11",0,0,0,0,0,0,0,0,0,0,0,0,0,0
"1042",2017-11-07,"Mardi",0,0,0,"11",0,0,0,0,0,0,0,0,0,0,0,0,0,0
"1043",2017-11-08,"Mercredi",0,0,0,"11",0,0,0,0,0,0,0,0,0,0,0,0,0,0
"1044",2017-11-09,"Jeudi",0,0,0,"11",0,0,0,0,0,0,0,0,0,0,0,0,0,0
"1045",2017-11-10,"Vendredi",0,0,0,"11",0,0,0,0,0,0,0,0,0,0,0,0,0,0
"1046",2017-11-11,"Samedi",1,0,0,"11",0,0,1,0,0,0,0,0,0,0,0,0,0,0
"1047",2017-11-12,"Dimanche",0,0,0,"11",0,0,0,0,0,0,0,0,0,0,0,0,0,0
"1048",2017-11-13,"Lundi",0,0,0,"11",0,0,0,0,0,0,0,0,0,0,0,0,0,0
"1049",2017-11-14,"Mardi",0,0,0,"11",0,0,0,0,0,0,0,0,0,0,0,0,0,0
"1050",2017-11-15,"Mercredi",0,0,0,"11",0,0,0,0,0,0,0,0,0,0,0,0,0,0
"1051",2017-11-16,"Jeudi",0,0,0,"11",0,0,0,0,0,0,0,0,0,0,0,0,0,0
"1052",2017-11-17,"Vendredi",0,0,0,"11",0,0,0,0,0,0,0,0,0,0,0,0,0,0
"1053",2017-11-18,"Samedi",0,0,0,"11",0,0,0,0,0,0,0,0,0,0,0,0,0,0
"1054",2017-11-19,"Dimanche",0,0,0,"11",0,0,0,0,0,0,0,0,0,0,0,0,0,0
"1055",2017-11-20,"Lundi",0,0,0,"11",0,0,0,0,0,0,0,0,0,0,0,0,0,0
"1056",2017-11-21,"Mardi",0,0,0,"11",0,0,0,0,0,0,0,0,0,0,0,0,0,0
"1057",2017-11-22,"Mercredi",0,0,0,"11",0,0,0,0,0,0,0,0,0,0,0,0,0,0
"1058",2017-11-23,"Jeudi",0,0,0,"11",0,0,0,0,0,0,0,0,0,0,0,0,0,0
"1059",2017-11-24,"Vendredi",0,0,0,"11",0,0,0,0,0,0,0,0,0,0,0,0,0,0
"1060",2017-11-25,"Samedi",0,0,0,"11",0,0,0,0,0,0,0,0,0,0,0,0,0,0
"1061",2017-11-26,"Dimanche",0,0,0,"11",0,0,0,0,0,0,0,0,0,0,0,0,0,0
"1062",2017-11-27,"Lundi",0,0,0,"11",0,0,0,0,0,0,0,0,0,0,0,0,0,0
"1063",2017-11-28,"Mardi",0,0,0,"11",0,0,0,0,0,0,0,0,0,0,0,0,0,0
"1064",2017-11-29,"Mercredi",0,0,0,"11",0,0,0,0,0,0,0,0,0,0,0,0,0,0
"1065",2017-11-30,"Jeudi",0,0,0,"11",0,0,0,0,0,0,0,0,0,0,0,0,0,0
"1066",2017-12-01,"Vendredi",0,0,0,"12",0,0,0,0,0,0,0,0,0,0,0,0,0,0
"1067",2017-12-02,"Samedi",0,0,0,"12",0,0,0,0,0,0,0,0,0,0,0,0,0,0
"1068",2017-12-03,"Dimanche",0,0,0,"12",0,0,0,0,0,0,0,0,0,0,0,0,0,0
"1069",2017-12-04,"Lundi",0,0,0,"12",0,0,0,0,0,0,0,0,0,0,0,0,0,0
"1070",2017-12-05,"Mardi",0,0,0,"12",0,0,0,0,0,0,0,0,0,0,0,0,0,0
"1071",2017-12-06,"Mercredi",0,0,0,"12",0,0,0,0,0,0,0,0,0,0,0,0,0,0
"1072",2017-12-07,"Jeudi",0,0,0,"12",0,0,0,0,0,0,0,0,0,0,0,0,0,0
"1073",2017-12-08,"Vendredi",0,0,0,"12",0,0,0,0,0,0,0,0,0,0,0,0,0,0
"1074",2017-12-09,"Samedi",0,0,0,"12",0,0,0,0,0,0,0,0,0,0,0,0,0,0
"1075",2017-12-10,"Dimanche",0,0,0,"12",0,0,0,0,0,0,0,0,0,0,0,0,0,0
"1076",2017-12-11,"Lundi",0,0,0,"12",0,0,0,0,0,0,0,0,0,0,0,0,0,0
"1077",2017-12-12,"Mardi",0,0,0,"12",0,0,0,0,0,0,0,1,0,0,0,0,0,0
"1078",2017-12-13,"Mercredi",0,0,0,"12",0,0,0,0,0,0,0,0,0,0,0,0,0,0
"1079",2017-12-14,"Jeudi",0,0,0,"12",0,0,0,0,0,0,0,0,0,0,0,0,0,0
"1080",2017-12-15,"Vendredi",0,0,0,"12",0,0,0,0,0,0,0,0,0,0,0,0,0,0
"1081",2017-12-16,"Samedi",0,0,0,"12",0,0,0,0,0,0,0,0,0,0,0,0,0,0
"1082",2017-12-17,"Dimanche",0,0,0,"12",0,0,0,0,0,0,0,0,0,0,0,0,0,0
"1083",2017-12-18,"Lundi",0,0,0,"12",0,0,0,0,0,0,0,0,0,0,0,0,0,0
"1084",2017-12-19,"Mardi",0,0,0,"12",0,0,0,0,0,0,0,0,0,0,0,0,0,0
"1085",2017-12-20,"Mercredi",0,0,0,"12",0,0,0,0,0,0,0,0,0,0,0,0,0,0
"1086",2017-12-21,"Jeudi",0,0,0,"12",0,0,0,0,0,0,0,0,0,0,0,0,0,0
"1087",2017-12-22,"Vendredi",0,0,0,"12",0,0,0,0,0,0,0,0,0,0,0,0,0,0
"1088",2017-12-23,"Samedi",0,0,0,"12",0,0,0,0,0,0,0,0,0,0,0,0,0,0
"1089",2017-12-24,"Dimanche",0,1,0,"12",0,0,0,0,0,0,0,0,0,0,0,0,0,1
"1090",2017-12-25,"Lundi",1,1,0,"12",0,1,0,0,0,0,0,0,0,0,0,0,1,0
"1091",2017-12-26,"Mardi",0,1,0,"12",0,0,0,0,0,0,0,0,0,0,0,0,1,0
"1092",2017-12-27,"Mercredi",0,1,0,"12",0,0,0,0,0,0,0,0,0,0,0,0,1,0
"1093",2017-12-28,"Jeudi",0,1,0,"12",0,0,0,0,0,0,0,0,0,0,0,0,1,0
"1094",2017-12-29,"Vendredi",0,1,0,"12",0,0,0,0,0,0,0,0,0,0,0,0,1,0
"1095",2017-12-30,"Samedi",0,1,0,"12",0,0,0,0,0,0,0,0,0,0,0,0,0,1
"1096",2017-12-31,"Dimanche",0,1,0,"12",0,0,0,0,0,0,0,0,0,0,0,0,0,1
