"","date","station","ridership"
"1",2015-01-01,"Metro1",1291
"2",2015-01-01,"RERA",11209
"3",2015-01-02,"Metro1",7986
"4",2015-01-02,"RERA",57141
"5",2015-01-03,"Metro1",4710
"6",2015-01-03,"RERA",34691
"7",2015-01-04,"Metro1",2939
"8",2015-01-04,"RERA",23212
"9",2015-01-05,"Metro1",14497
"10",2015-01-05,"RERA",115406
"11",2015-01-06,"Metro1",15596
"12",2015-01-06,"RERA",121968
"13",2015-01-07,"Metro1",16700
"14",2015-01-07,"RERA",121301
"15",2015-01-08,"Metro1",16199
"16",2015-01-08,"RERA",123541
"17",2015-01-09,"Metro1",11972
"18",2015-01-09,"RERA",115678
"19",2015-01-10,"Metro1",5741
"20",2015-01-10,"RERA",45916
"21",2015-01-11,"Metro1",0
"22",2015-01-11,"RERA",14
"23",2015-01-12,"Metro1",15704
"24",2015-01-12,"RERA",121369
"25",2015-01-13,"Metro1",16240
"26",2015-01-13,"RERA",124659
"27",2015-01-14,"Metro1",16144
"28",2015-01-14,"RERA",121930
"29",2015-01-15,"Metro1",16822
"30",2015-01-15,"RERA",126574
"31",2015-01-16,"Metro1",18377
"32",2015-01-16,"RERA",125276
"33",2015-01-17,"Metro1",6114
"34",2015-01-17,"RERA",49645
"35",2015-01-18,"Metro1",4026
"36",2015-01-18,"RERA",31360
"37",2015-01-19,"Metro1",15992
"38",2015-01-19,"RERA",124997
"39",2015-01-20,"Metro1",16306
"40",2015-01-20,"RERA",126486
"41",2015-01-21,"Metro1",16154
"42",2015-01-21,"RERA",124475
"43",2015-01-22,"Metro1",17120
"44",2015-01-22,"RERA",128300
"45",2015-01-23,"Metro1",16519
"46",2015-01-23,"RERA",123917
"47",2015-01-24,"Metro1",6144
"48",2015-01-24,"RERA",46645
"49",2015-01-25,"Metro1",3815
"50",2015-01-25,"RERA",29976
"51",2015-01-26,"Metro1",15683
"52",2015-01-26,"RERA",120687
"53",2015-01-27,"Metro1",15509
"54",2015-01-27,"RERA",127698
"55",2015-01-28,"Metro1",16009
"56",2015-01-28,"RERA",122853
"57",2015-01-29,"Metro1",26639
"58",2015-01-29,"RERA",49313
"59",2015-01-30,"Metro1",16557
"60",2015-01-30,"RERA",120226
"61",2015-01-31,"Metro1",6478
"62",2015-01-31,"RERA",47616
"63",2015-02-01,"Metro1",3375
"64",2015-02-01,"RERA",27128
"65",2015-02-02,"Metro1",14919
"66",2015-02-02,"RERA",119557
"67",2015-02-03,"Metro1",16095
"68",2015-02-03,"RERA",112409
"69",2015-02-04,"Metro1",16242
"70",2015-02-04,"RERA",118598
"71",2015-02-05,"Metro1",16647
"72",2015-02-05,"RERA",124151
"73",2015-02-06,"Metro1",16076
"74",2015-02-06,"RERA",121514
"75",2015-02-07,"Metro1",6070
"76",2015-02-07,"RERA",46213
"77",2015-02-08,"Metro1",3311
"78",2015-02-08,"RERA",26279
"79",2015-02-09,"Metro1",15668
"80",2015-02-09,"RERA",116647
"81",2015-02-10,"Metro1",16397
"82",2015-02-10,"RERA",120298
"83",2015-02-11,"Metro1",16051
"84",2015-02-11,"RERA",117835
"85",2015-02-12,"Metro1",16549
"86",2015-02-12,"RERA",122208
"87",2015-02-13,"Metro1",16068
"88",2015-02-13,"RERA",117654
"89",2015-02-14,"Metro1",5943
"90",2015-02-14,"RERA",44113
"91",2015-02-15,"Metro1",2493
"92",2015-02-15,"RERA",26958
"93",2015-02-16,"Metro1",14542
"94",2015-02-16,"RERA",105053
"95",2015-02-17,"Metro1",15062
"96",2015-02-17,"RERA",112163
"97",2015-02-18,"Metro1",13478
"98",2015-02-18,"RERA",108357
"99",2015-02-19,"Metro1",15423
"100",2015-02-19,"RERA",111645
"101",2015-02-20,"Metro1",14220
"102",2015-02-20,"RERA",105695
"103",2015-02-21,"Metro1",5275
"104",2015-02-21,"RERA",39112
"105",2015-02-22,"Metro1",3237
"106",2015-02-22,"RERA",24932
"107",2015-02-23,"Metro1",12973
"108",2015-02-23,"RERA",101131
"109",2015-02-24,"Metro1",14057
"110",2015-02-24,"RERA",105121
"111",2015-02-25,"Metro1",13622
"112",2015-02-25,"RERA",99118
"113",2015-02-26,"Metro1",14163
"114",2015-02-26,"RERA",107320
"115",2015-02-27,"Metro1",13717
"116",2015-02-27,"RERA",105232
"117",2015-02-28,"Metro1",5279
"118",2015-02-28,"RERA",42723
"119",2015-03-01,"Metro1",2909
"120",2015-03-01,"RERA",24236
"121",2015-03-02,"Metro1",14675
"122",2015-03-02,"RERA",116824
"123",2015-03-03,"Metro1",15723
"124",2015-03-03,"RERA",120741
"125",2015-03-04,"Metro1",15141
"126",2015-03-04,"RERA",117505
"127",2015-03-05,"Metro1",16886
"128",2015-03-05,"RERA",120965
"129",2015-03-06,"Metro1",15484
"130",2015-03-06,"RERA",121122
"131",2015-03-07,"Metro1",5895
"132",2015-03-07,"RERA",45713
"133",2015-03-08,"Metro1",3562
"134",2015-03-08,"RERA",28429
"135",2015-03-09,"Metro1",14876
"136",2015-03-09,"RERA",118693
"137",2015-03-10,"Metro1",16019
"138",2015-03-10,"RERA",120931
"139",2015-03-11,"Metro1",15605
"140",2015-03-11,"RERA",118533
"141",2015-03-12,"Metro1",15455
"142",2015-03-12,"RERA",121526
"143",2015-03-13,"Metro1",15560
"144",2015-03-13,"RERA",120003
"145",2015-03-14,"Metro1",6038
"146",2015-03-14,"RERA",48189
"147",2015-03-15,"Metro1",3329
"148",2015-03-15,"RERA",27301
"149",2015-03-16,"Metro1",14922
"150",2015-03-16,"RERA",118353
"151",2015-03-17,"Metro1",15615
"152",2015-03-17,"RERA",123268
"153",2015-03-18,"Metro1",15710
"154",2015-03-18,"RERA",118997
"155",2015-03-19,"Metro1",17328
"156",2015-03-19,"RERA",128680
"157",2015-03-20,"Metro1",15659
"158",2015-03-20,"RERA",121743
"159",2015-03-21,"RERA",143
"160",2015-03-22,"RERA",19
"161",2015-03-23,"RERA",213
"162",2015-03-24,"Metro1",16252
"163",2015-03-24,"RERA",121847
"164",2015-03-25,"Metro1",15752
"165",2015-03-25,"RERA",116327
"166",2015-03-26,"Metro1",16485
"167",2015-03-26,"RERA",123598
"168",2015-03-27,"Metro1",15775
"169",2015-03-27,"RERA",120416
"170",2015-03-28,"Metro1",6212
"171",2015-03-28,"RERA",46116
"172",2015-03-29,"Metro1",3483
"173",2015-03-29,"RERA",23989
"174",2015-03-30,"Metro1",14585
"175",2015-03-30,"RERA",113937
"176",2015-03-31,"Metro1",15588
"177",2015-03-31,"RERA",120115
"178",2015-04-01,"Metro1",15488
"179",2015-04-01,"RERA",115952
"180",2015-04-02,"Metro1",15675
"181",2015-04-02,"RERA",122354
"182",2015-04-03,"Metro1",15909
"183",2015-04-03,"RERA",116290
"184",2015-04-04,"Metro1",5089
"185",2015-04-04,"RERA",37905
"186",2015-04-05,"Metro1",3599
"187",2015-04-05,"RERA",21761
"188",2015-04-06,"Metro1",3863
"189",2015-04-06,"RERA",24578
"190",2015-04-07,"Metro1",15100
"191",2015-04-07,"RERA",112867
"192",2015-04-08,"Metro1",15263
"193",2015-04-08,"RERA",116497
"194",2015-04-09,"Metro1",15485
"195",2015-04-09,"RERA",115029
"196",2015-04-10,"Metro1",15897
"197",2015-04-10,"RERA",113477
"198",2015-04-11,"Metro1",5836
"199",2015-04-11,"RERA",42342
"200",2015-04-12,"Metro1",3552
"201",2015-04-12,"RERA",26849
"202",2015-04-13,"Metro1",14076
"203",2015-04-13,"RERA",116601
"204",2015-04-14,"Metro1",15789
"205",2015-04-14,"RERA",118742
"206",2015-04-15,"Metro1",15675
"207",2015-04-15,"RERA",113583
"208",2015-04-16,"Metro1",16208
"209",2015-04-16,"RERA",116359
"210",2015-04-17,"Metro1",15925
"211",2015-04-17,"RERA",113293
"212",2015-04-18,"Metro1",5917
"213",2015-04-18,"RERA",44144
"214",2015-04-19,"Metro1",3590
"215",2015-04-19,"RERA",27308
"216",2015-04-20,"Metro1",13833
"217",2015-04-20,"RERA",103507
"218",2015-04-21,"Metro1",14412
"219",2015-04-21,"RERA",104983
"220",2015-04-22,"Metro1",14195
"221",2015-04-22,"RERA",99791
"222",2015-04-23,"Metro1",14698
"223",2015-04-23,"RERA",107788
"224",2015-04-24,"Metro1",13683
"225",2015-04-24,"RERA",108824
"226",2015-04-25,"Metro1",5217
"227",2015-04-25,"RERA",41047
"228",2015-04-26,"Metro1",3257
"229",2015-04-26,"RERA",26054
"230",2015-04-27,"Metro1",12474
"231",2015-04-27,"RERA",105517
"232",2015-04-28,"Metro1",13304
"233",2015-04-28,"RERA",102911
"234",2015-04-29,"Metro1",13784
"235",2015-04-29,"RERA",105175
"236",2015-04-30,"Metro1",13910
"237",2015-04-30,"RERA",106485
"238",2015-05-01,"Metro1",2533
"239",2015-05-01,"RERA",22406
"240",2015-05-02,"Metro1",5040
"241",2015-05-02,"RERA",37230
"242",2015-05-03,"Metro1",2778
"243",2015-05-03,"RERA",22804
"244",2015-05-04,"Metro1",13704
"245",2015-05-04,"RERA",111776
"246",2015-05-05,"Metro1",14666
"247",2015-05-05,"RERA",118364
"248",2015-05-06,"Metro1",14584
"249",2015-05-06,"RERA",115967
"250",2015-05-07,"Metro1",14913
"251",2015-05-07,"RERA",118488
"252",2015-05-08,"Metro1",4389
"253",2015-05-08,"RERA",36408
"254",2015-05-09,"Metro1",5212
"255",2015-05-09,"RERA",41409
"256",2015-05-10,"Metro1",3068
"257",2015-05-10,"RERA",25084
"258",2015-05-11,"Metro1",13697
"259",2015-05-11,"RERA",107093
"260",2015-05-12,"Metro1",14982
"261",2015-05-12,"RERA",116247
"262",2015-05-13,"Metro1",14379
"263",2015-05-13,"RERA",113232
"264",2015-05-14,"Metro1",4066
"265",2015-05-14,"RERA",33415
"266",2015-05-15,"Metro1",9169
"267",2015-05-15,"RERA",69020
"268",2015-05-16,"Metro1",5198
"269",2015-05-16,"RERA",40964
"270",2015-05-17,"Metro1",2905
"271",2015-05-17,"RERA",25190
"272",2015-05-18,"Metro1",14359
"273",2015-05-18,"RERA",113782
"274",2015-05-19,"Metro1",15354
"275",2015-05-19,"RERA",118197
"276",2015-05-20,"Metro1",14797
"277",2015-05-20,"RERA",116817
"278",2015-05-21,"Metro1",13422
"279",2015-05-21,"RERA",120132
"280",2015-05-22,"Metro1",15086
"281",2015-05-22,"RERA",115816
"282",2015-05-23,"Metro1",5258
"283",2015-05-23,"RERA",40779
"284",2015-05-24,"Metro1",3308
"285",2015-05-24,"RERA",26563
"286",2015-05-25,"Metro1",4593
"287",2015-05-25,"RERA",39185
"288",2015-05-26,"Metro1",14612
"289",2015-05-26,"RERA",117435
"290",2015-05-27,"Metro1",14902
"291",2015-05-27,"RERA",117576
"292",2015-05-28,"Metro1",15373
"293",2015-05-28,"RERA",120057
"294",2015-05-29,"Metro1",15113
"295",2015-05-29,"RERA",117308
"296",2015-05-30,"Metro1",5672
"297",2015-05-30,"RERA",46424
"298",2015-05-31,"Metro1",3268
"299",2015-05-31,"RERA",27337
"300",2015-06-01,"Metro1",14519
"301",2015-06-01,"RERA",117378
"302",2015-06-02,"Metro1",15475
"303",2015-06-02,"RERA",123164
"304",2015-06-03,"Metro1",15396
"305",2015-06-03,"RERA",121923
"306",2015-06-04,"Metro1",15856
"307",2015-06-04,"RERA",124946
"308",2015-06-05,"Metro1",15300
"309",2015-06-05,"RERA",120432
"310",2015-06-06,"Metro1",5684
"311",2015-06-06,"RERA",47204
"312",2015-06-07,"Metro1",3479
"313",2015-06-07,"RERA",28144
"314",2015-06-08,"Metro1",15089
"315",2015-06-08,"RERA",120758
"316",2015-06-09,"Metro1",14553
"317",2015-06-09,"RERA",126426
"318",2015-06-10,"Metro1",15528
"319",2015-06-10,"RERA",121210
"320",2015-06-11,"Metro1",15842
"321",2015-06-11,"RERA",123840
"322",2015-06-12,"Metro1",15635
"323",2015-06-12,"RERA",121046
"324",2015-06-13,"Metro1",5618
"325",2015-06-13,"RERA",46411
"326",2015-06-14,"Metro1",3488
"327",2015-06-14,"RERA",27428
"328",2015-06-15,"Metro1",15255
"329",2015-06-15,"RERA",118142
"330",2015-06-16,"Metro1",15645
"331",2015-06-16,"RERA",125484
"332",2015-06-17,"Metro1",13746
"333",2015-06-17,"RERA",113660
"334",2015-06-18,"Metro1",15775
"335",2015-06-18,"RERA",122288
"336",2015-06-19,"Metro1",15296
"337",2015-06-19,"RERA",119265
"338",2015-06-20,"Metro1",5244
"339",2015-06-20,"RERA",42963
"340",2015-06-21,"Metro1",3488
"341",2015-06-21,"RERA",29814
"342",2015-06-22,"Metro1",15052
"343",2015-06-22,"RERA",114291
"344",2015-06-23,"Metro1",15696
"345",2015-06-23,"RERA",125832
"346",2015-06-24,"Metro1",16510
"347",2015-06-24,"RERA",123451
"348",2015-06-25,"Metro1",16864
"349",2015-06-25,"RERA",118048
"350",2015-06-26,"Metro1",16354
"351",2015-06-26,"RERA",119070
"352",2015-06-27,"Metro1",6731
"353",2015-06-27,"RERA",44768
"354",2015-06-28,"Metro1",4258
"355",2015-06-28,"RERA",31329
"356",2015-06-29,"Metro1",16036
"357",2015-06-29,"RERA",117533
"358",2015-06-30,"Metro1",16079
"359",2015-06-30,"RERA",112406
"360",2015-07-01,"Metro1",15499
"361",2015-07-01,"RERA",105671
"362",2015-07-02,"Metro1",16359
"363",2015-07-02,"RERA",108346
"364",2015-07-03,"Metro1",15639
"365",2015-07-03,"RERA",103073
"366",2015-07-04,"Metro1",6192
"367",2015-07-04,"RERA",41703
"368",2015-07-05,"Metro1",4324
"369",2015-07-05,"RERA",29937
"370",2015-07-06,"Metro1",15370
"371",2015-07-06,"RERA",104889
"372",2015-07-07,"Metro1",7996
"373",2015-07-07,"RERA",105061
"374",2015-07-08,"Metro1",15383
"375",2015-07-08,"RERA",103189
"376",2015-07-09,"Metro1",15934
"377",2015-07-09,"RERA",110016
"378",2015-07-10,"Metro1",14924
"379",2015-07-10,"RERA",103021
"380",2015-07-11,"Metro1",5582
"381",2015-07-11,"RERA",42331
"382",2015-07-12,"Metro1",3682
"383",2015-07-12,"RERA",25996
"384",2015-07-13,"Metro1",9165
"385",2015-07-13,"RERA",65498
"386",2015-07-14,"Metro1",4282
"387",2015-07-14,"RERA",28525
"388",2015-07-15,"Metro1",14107
"389",2015-07-15,"RERA",109572
"390",2015-07-16,"Metro1",14492
"391",2015-07-16,"RERA",104121
"392",2015-07-17,"Metro1",13500
"393",2015-07-17,"RERA",96889
"394",2015-07-18,"Metro1",5551
"395",2015-07-18,"RERA",37107
"396",2015-07-19,"Metro1",3332
"397",2015-07-19,"RERA",23309
"398",2015-07-20,"Metro1",13419
"399",2015-07-20,"RERA",98272
"400",2015-07-21,"Metro1",14060
"401",2015-07-21,"RERA",106534
"402",2015-07-22,"Metro1",13818
"403",2015-07-22,"RERA",103558
"404",2015-07-23,"Metro1",14428
"405",2015-07-23,"RERA",104597
"406",2015-07-24,"Metro1",13704
"407",2015-07-24,"RERA",101188
"408",2015-07-25,"Metro1",10468
"409",2015-07-25,"RERA",27933
"410",2015-07-26,"Metro1",6706
"411",2015-07-26,"RERA",17357
"412",2015-07-27,"Metro1",25857
"413",2015-07-27,"RERA",63543
"414",2015-07-28,"Metro1",26123
"415",2015-07-28,"RERA",64185
"416",2015-07-29,"Metro1",20059
"417",2015-07-29,"RERA",46612
"418",2015-07-30,"Metro1",26805
"419",2015-07-30,"RERA",51276
"420",2015-07-31,"Metro1",25449
"421",2015-07-31,"RERA",56832
"422",2015-08-01,"Metro1",9134
"423",2015-08-01,"RERA",21104
"424",2015-08-02,"Metro1",6090
"425",2015-08-02,"RERA",13589
"426",2015-08-03,"Metro1",21271
"427",2015-08-03,"RERA",47525
"428",2015-08-04,"Metro1",22626
"429",2015-08-04,"RERA",45868
"430",2015-08-05,"Metro1",21767
"431",2015-08-05,"RERA",42690
"432",2015-08-06,"Metro1",22163
"433",2015-08-06,"RERA",37887
"434",2015-08-07,"Metro1",21115
"435",2015-08-07,"RERA",43846
"436",2015-08-08,"Metro1",8717
"437",2015-08-08,"RERA",18940
"438",2015-08-09,"Metro1",5660
"439",2015-08-09,"RERA",12508
"440",2015-08-10,"Metro1",19584
"441",2015-08-10,"RERA",43982
"442",2015-08-11,"Metro1",20143
"443",2015-08-11,"RERA",44055
"444",2015-08-12,"Metro1",19962
"445",2015-08-12,"RERA",43711
"446",2015-08-13,"Metro1",19992
"447",2015-08-13,"RERA",39040
"448",2015-08-14,"Metro1",19770
"449",2015-08-14,"RERA",42390
"450",2015-08-15,"Metro1",7959
"451",2015-08-15,"RERA",18393
"452",2015-08-16,"Metro1",5894
"453",2015-08-16,"RERA",13369
"454",2015-08-17,"Metro1",19215
"455",2015-08-17,"RERA",40870
"456",2015-08-18,"Metro1",20754
"457",2015-08-18,"RERA",42556
"458",2015-08-19,"Metro1",20620
"459",2015-08-19,"RERA",46204
"460",2015-08-20,"Metro1",21253
"461",2015-08-20,"RERA",47496
"462",2015-08-21,"Metro1",20614
"463",2015-08-21,"RERA",45384
"464",2015-08-22,"Metro1",9324
"465",2015-08-22,"RERA",19906
"466",2015-08-23,"Metro1",5689
"467",2015-08-23,"RERA",13589
"468",2015-08-24,"Metro1",12630
"469",2015-08-24,"RERA",61680
"470",2015-08-25,"Metro1",12764
"471",2015-08-25,"RERA",78562
"472",2015-08-26,"Metro1",12247
"473",2015-08-26,"RERA",81020
"474",2015-08-27,"Metro1",12823
"475",2015-08-27,"RERA",82026
"476",2015-08-28,"Metro1",12161
"477",2015-08-28,"RERA",82847
"478",2015-08-29,"Metro1",4920
"479",2015-08-29,"RERA",33913
"480",2015-08-30,"Metro1",3134
"481",2015-08-30,"RERA",22590
"482",2015-08-31,"Metro1",11779
"483",2015-08-31,"RERA",80700
"484",2015-09-01,"Metro1",13477
"485",2015-09-01,"RERA",102572
"486",2015-09-02,"Metro1",13415
"487",2015-09-02,"RERA",111614
"488",2015-09-03,"Metro1",14303
"489",2015-09-03,"RERA",115722
"490",2015-09-04,"Metro1",14206
"491",2015-09-04,"RERA",113481
"492",2015-09-05,"Metro1",5636
"493",2015-09-05,"RERA",42686
"494",2015-09-06,"Metro1",3623
"495",2015-09-06,"RERA",27749
"496",2015-09-07,"Metro1",14055
"497",2015-09-07,"RERA",117974
"498",2015-09-08,"Metro1",14708
"499",2015-09-08,"RERA",121580
"500",2015-09-09,"Metro1",14739
"501",2015-09-09,"RERA",120056
"502",2015-09-10,"Metro1",14745
"503",2015-09-10,"RERA",123001
"504",2015-09-11,"Metro1",15160
"505",2015-09-11,"RERA",124687
"506",2015-09-12,"Metro1",6032
"507",2015-09-12,"RERA",48957
"508",2015-09-13,"Metro1",3787
"509",2015-09-13,"RERA",30475
"510",2015-09-14,"Metro1",14634
"511",2015-09-14,"RERA",125479
"512",2015-09-15,"Metro1",14857
"513",2015-09-15,"RERA",125595
"514",2015-09-16,"Metro1",14946
"515",2015-09-16,"RERA",123156
"516",2015-09-17,"Metro1",14589
"517",2015-09-17,"RERA",133013
"518",2015-09-18,"Metro1",14810
"519",2015-09-18,"RERA",126317
"520",2015-09-19,"Metro1",6349
"521",2015-09-19,"RERA",50894
"522",2015-09-20,"Metro1",3831
"523",2015-09-20,"RERA",30753
"524",2015-09-21,"Metro1",14287
"525",2015-09-21,"RERA",126465
"526",2015-09-22,"Metro1",15019
"527",2015-09-22,"RERA",130401
"528",2015-09-23,"Metro1",14479
"529",2015-09-23,"RERA",125913
"530",2015-09-24,"Metro1",14880
"531",2015-09-24,"RERA",127044
"532",2015-09-25,"Metro1",14861
"533",2015-09-25,"RERA",124988
"534",2015-09-26,"Metro1",6046
"535",2015-09-26,"RERA",48113
"536",2015-09-27,"Metro1",3869
"537",2015-09-27,"RERA",30823
"538",2015-09-28,"Metro1",14183
"539",2015-09-28,"RERA",121807
"540",2015-09-29,"Metro1",14671
"541",2015-09-29,"RERA",130621
"542",2015-09-30,"Metro1",14690
"543",2015-09-30,"RERA",126630
"544",2015-10-01,"Metro1",14910
"545",2015-10-01,"RERA",117441
"546",2015-10-02,"Metro1",14956
"547",2015-10-02,"RERA",118186
"548",2015-10-03,"Metro1",6321
"549",2015-10-03,"RERA",48235
"550",2015-10-04,"Metro1",3857
"551",2015-10-04,"RERA",30966
"552",2015-10-05,"Metro1",14906
"553",2015-10-05,"RERA",127085
"554",2015-10-06,"Metro1",16281
"555",2015-10-06,"RERA",126392
"556",2015-10-07,"Metro1",15318
"557",2015-10-07,"RERA",134841
"558",2015-10-08,"Metro1",15728
"559",2015-10-08,"RERA",134080
"560",2015-10-09,"Metro1",12238
"561",2015-10-09,"RERA",109439
"562",2015-10-10,"RERA",49354
"563",2015-10-11,"Metro1",4668
"564",2015-10-11,"RERA",29499
"565",2015-10-12,"Metro1",19075
"566",2015-10-12,"RERA",115845
"567",2015-10-13,"Metro1",16970
"568",2015-10-13,"RERA",129617
"569",2015-10-14,"Metro1",15649
"570",2015-10-14,"RERA",130206
"571",2015-10-15,"Metro1",16095
"572",2015-10-15,"RERA",134375
"573",2015-10-16,"Metro1",15839
"574",2015-10-16,"RERA",134048
"575",2015-10-17,"Metro1",6291
"576",2015-10-17,"RERA",48719
"577",2015-10-18,"Metro1",3814
"578",2015-10-18,"RERA",31260
"579",2015-10-19,"Metro1",15044
"580",2015-10-19,"RERA",125436
"581",2015-10-20,"Metro1",15118
"582",2015-10-20,"RERA",130430
"583",2015-10-21,"Metro1",15050
"584",2015-10-21,"RERA",126550
"585",2015-10-22,"Metro1",15286
"586",2015-10-22,"RERA",127587
"587",2015-10-23,"Metro1",14770
"588",2015-10-23,"RERA",123490
"589",2015-10-24,"Metro1",6040
"590",2015-10-24,"RERA",46530
"591",2015-10-25,"Metro1",3927
"592",2015-10-25,"RERA",30887
"593",2015-10-26,"Metro1",13772
"594",2015-10-26,"RERA",117177
"595",2015-10-27,"Metro1",14479
"596",2015-10-27,"RERA",124846
"597",2015-10-28,"Metro1",14462
"598",2015-10-28,"RERA",122365
"599",2015-10-29,"Metro1",14682
"600",2015-10-29,"RERA",123153
"601",2015-10-30,"Metro1",13535
"602",2015-10-30,"RERA",119855
"603",2015-10-31,"Metro1",6035
"604",2015-10-31,"RERA",50222
"605",2015-11-01,"Metro1",3465
"606",2015-11-01,"RERA",28734
"607",2015-11-02,"Metro1",14513
"608",2015-11-02,"RERA",128330
"609",2015-11-03,"Metro1",14787
"610",2015-11-03,"RERA",135955
"611",2015-11-04,"Metro1",15282
"612",2015-11-04,"RERA",129022
"613",2015-11-05,"Metro1",15841
"614",2015-11-05,"RERA",125276
"615",2015-11-06,"Metro1",15495
"616",2015-11-06,"RERA",133376
"617",2015-11-07,"Metro1",6193
"618",2015-11-07,"RERA",52940
"619",2015-11-08,"Metro1",3811
"620",2015-11-08,"RERA",31682
"621",2015-11-09,"Metro1",14186
"622",2015-11-09,"RERA",128804
"623",2015-11-10,"Metro1",15544
"624",2015-11-10,"RERA",130526
"625",2015-11-11,"Metro1",5058
"626",2015-11-11,"RERA",39718
"627",2015-11-12,"Metro1",14655
"628",2015-11-12,"RERA",124869
"629",2015-11-13,"Metro1",14648
"630",2015-11-13,"RERA",125789
"631",2015-11-14,"Metro1",2824
"632",2015-11-14,"RERA",22865
"633",2015-11-15,"Metro1",2290
"634",2015-11-15,"RERA",18586
"635",2015-11-16,"Metro1",14477
"636",2015-11-16,"RERA",120844
"637",2015-11-17,"Metro1",13259
"638",2015-11-17,"RERA",126318
"639",2015-11-18,"Metro1",12982
"640",2015-11-18,"RERA",122667
"641",2015-11-19,"Metro1",14582
"642",2015-11-19,"RERA",126399
"643",2015-11-20,"Metro1",14298
"644",2015-11-20,"RERA",126208
"645",2015-11-21,"Metro1",5066
"646",2015-11-21,"RERA",42426
"647",2015-11-22,"Metro1",3261
"648",2015-11-22,"RERA",28166
"649",2015-11-23,"Metro1",14254
"650",2015-11-23,"RERA",129748
"651",2015-11-24,"Metro1",16890
"652",2015-11-24,"RERA",117193
"653",2015-11-25,"Metro1",14597
"654",2015-11-25,"RERA",126578
"655",2015-11-26,"Metro1",15192
"656",2015-11-26,"RERA",131239
"657",2015-11-27,"Metro1",15985
"658",2015-11-27,"RERA",133016
"659",2015-11-28,"Metro1",6236
"660",2015-11-28,"RERA",50203
"661",2015-11-29,"Metro1",0
"662",2015-11-29,"RERA",54
"663",2015-11-30,"Metro1",0
"664",2015-11-30,"RERA",18
"665",2015-12-01,"Metro1",14542
"666",2015-12-01,"RERA",125845
"667",2015-12-02,"Metro1",14691
"668",2015-12-02,"RERA",129774
"669",2015-12-03,"Metro1",17150
"670",2015-12-03,"RERA",127629
"671",2015-12-04,"Metro1",15241
"672",2015-12-04,"RERA",130148
"673",2015-12-05,"Metro1",6912
"674",2015-12-05,"RERA",60926
"675",2015-12-06,"Metro1",4434
"676",2015-12-06,"RERA",37464
"677",2015-12-07,"Metro1",14420
"678",2015-12-07,"RERA",130461
"679",2015-12-08,"Metro1",16453
"680",2015-12-08,"RERA",132379
"681",2015-12-09,"Metro1",16064
"682",2015-12-09,"RERA",129885
"683",2015-12-10,"Metro1",208
"684",2015-12-10,"RERA",1755
"685",2015-12-11,"Metro1",16292
"686",2015-12-11,"RERA",119027
"687",2015-12-12,"Metro1",6924
"688",2015-12-12,"RERA",49668
"689",2015-12-13,"Metro1",4669
"690",2015-12-13,"RERA",31990
"691",2015-12-14,"Metro1",15460
"692",2015-12-14,"RERA",129189
"693",2015-12-15,"Metro1",16439
"694",2015-12-15,"RERA",135302
"695",2015-12-16,"Metro1",15684
"696",2015-12-16,"RERA",130375
"697",2015-12-17,"Metro1",16584
"698",2015-12-17,"RERA",143456
"699",2015-12-18,"Metro1",15939
"700",2015-12-18,"RERA",137392
"701",2015-12-19,"Metro1",7011
"702",2015-12-19,"RERA",54810
"703",2015-12-20,"Metro1",4909
"704",2015-12-20,"RERA",35979
"705",2015-12-21,"Metro1",14159
"706",2015-12-21,"RERA",116196
"707",2015-12-22,"Metro1",14617
"708",2015-12-22,"RERA",115216
"709",2015-12-23,"Metro1",12856
"710",2015-12-23,"RERA",104882
"711",2015-12-24,"Metro1",8791
"712",2015-12-24,"RERA",76047
"713",2015-12-25,"Metro1",2115
"714",2015-12-25,"RERA",18055
"715",2015-12-26,"Metro1",5309
"716",2015-12-26,"RERA",38376
"717",2015-12-27,"Metro1",4058
"718",2015-12-27,"RERA",27322
"719",2015-12-28,"Metro1",9533
"720",2015-12-28,"RERA",78044
"721",2015-12-29,"Metro1",10490
"722",2015-12-29,"RERA",81272
"723",2015-12-30,"Metro1",10102
"724",2015-12-30,"RERA",81123
"725",2015-12-31,"Metro1",6080
"726",2015-12-31,"RERA",47761
"727",2016-01-01,"Metro1",1398
"728",2016-01-01,"RERA",11884
"729",2016-01-02,"Metro1",4854
"730",2016-01-02,"RERA",36236
"731",2016-01-03,"Metro1",3201
"732",2016-01-03,"RERA",23836
"733",2016-01-04,"Metro1",12971
"734",2016-01-04,"RERA",120198
"735",2016-01-05,"Metro1",14434
"736",2016-01-05,"RERA",128919
"737",2016-01-06,"Metro1",15889
"738",2016-01-06,"RERA",128434
"739",2016-01-07,"Metro1",16104
"740",2016-01-07,"RERA",132427
"741",2016-01-08,"Metro1",17207
"742",2016-01-08,"RERA",132724
"743",2016-01-09,"Metro1",6554
"744",2016-01-09,"RERA",56125
"745",2016-01-10,"Metro1",4317
"746",2016-01-10,"RERA",33708
"747",2016-01-11,"Metro1",14897
"748",2016-01-11,"RERA",130271
"749",2016-01-12,"Metro1",15732
"750",2016-01-12,"RERA",135375
"751",2016-01-13,"Metro1",15485
"752",2016-01-13,"RERA",132633
"753",2016-01-14,"Metro1",16000
"754",2016-01-14,"RERA",137249
"755",2016-01-15,"Metro1",15573
"756",2016-01-15,"RERA",136317
"757",2016-01-16,"Metro1",6704
"758",2016-01-16,"RERA",54873
"759",2016-01-17,"Metro1",3985
"760",2016-01-17,"RERA",32403
"761",2016-01-18,"Metro1",14229
"762",2016-01-18,"RERA",131269
"763",2016-01-19,"Metro1",15634
"764",2016-01-19,"RERA",133170
"765",2016-01-20,"Metro1",15412
"766",2016-01-20,"RERA",136741
"767",2016-01-21,"Metro1",15616
"768",2016-01-21,"RERA",137613
"769",2016-01-22,"Metro1",8574
"770",2016-01-22,"RERA",148108
"771",2016-01-23,"Metro1",5660
"772",2016-01-23,"RERA",48735
"773",2016-01-24,"Metro1",3967
"774",2016-01-24,"RERA",30248
"775",2016-01-25,"Metro1",14331
"776",2016-01-25,"RERA",130067
"777",2016-01-26,"Metro1",15154
"778",2016-01-26,"RERA",136209
"779",2016-01-27,"Metro1",14818
"780",2016-01-27,"RERA",132705
"781",2016-01-28,"Metro1",15696
"782",2016-01-28,"RERA",137215
"783",2016-01-29,"Metro1",15159
"784",2016-01-29,"RERA",135036
"785",2016-01-30,"Metro1",6189
"786",2016-01-30,"RERA",48056
"787",2016-01-31,"Metro1",3685
"788",2016-01-31,"RERA",29028
"789",2016-02-01,"Metro1",13652
"790",2016-02-01,"RERA",119845
"791",2016-02-02,"Metro1",14786
"792",2016-02-02,"RERA",133522
"793",2016-02-03,"Metro1",14714
"794",2016-02-03,"RERA",133688
"795",2016-02-04,"Metro1",17462
"796",2016-02-04,"RERA",122996
"797",2016-02-05,"Metro1",15389
"798",2016-02-05,"RERA",131612
"799",2016-02-06,"Metro1",6261
"800",2016-02-06,"RERA",51979
"801",2016-02-07,"Metro1",3672
"802",2016-02-07,"RERA",31366
"803",2016-02-08,"Metro1",14377
"804",2016-02-08,"RERA",131376
"805",2016-02-09,"Metro1",15098
"806",2016-02-09,"RERA",136417
"807",2016-02-10,"Metro1",15097
"808",2016-02-10,"RERA",135779
"809",2016-02-11,"Metro1",15416
"810",2016-02-11,"RERA",138578
"811",2016-02-12,"Metro1",15332
"812",2016-02-12,"RERA",136263
"813",2016-02-13,"Metro1",6380
"814",2016-02-13,"RERA",50247
"815",2016-02-14,"Metro1",3865
"816",2016-02-14,"RERA",28861
"817",2016-02-15,"Metro1",14575
"818",2016-02-15,"RERA",130190
"819",2016-02-16,"Metro1",15270
"820",2016-02-16,"RERA",137525
"821",2016-02-17,"Metro1",14678
"822",2016-02-17,"RERA",131964
"823",2016-02-18,"Metro1",15247
"824",2016-02-18,"RERA",135003
"825",2016-02-19,"Metro1",14844
"826",2016-02-19,"RERA",136969
"827",2016-02-20,"Metro1",5614
"828",2016-02-20,"RERA",48137
"829",2016-02-21,"Metro1",3310
"830",2016-02-21,"RERA",29116
"831",2016-02-22,"Metro1",13404
"832",2016-02-22,"RERA",122023
"833",2016-02-23,"Metro1",14410
"834",2016-02-23,"RERA",125271
"835",2016-02-24,"Metro1",12731
"836",2016-02-24,"RERA",125343
"837",2016-02-25,"Metro1",14173
"838",2016-02-25,"RERA",122599
"839",2016-02-26,"Metro1",15054
"840",2016-02-26,"RERA",116898
"841",2016-02-27,"Metro1",5434
"842",2016-02-27,"RERA",46916
"843",2016-02-28,"Metro1",3441
"844",2016-02-28,"RERA",28999
"845",2016-02-29,"Metro1",12933
"846",2016-02-29,"RERA",112299
"847",2016-03-01,"Metro1",12924
"848",2016-03-01,"RERA",104176
"849",2016-03-02,"Metro1",13224
"850",2016-03-02,"RERA",117106
"851",2016-03-03,"Metro1",13713
"852",2016-03-03,"RERA",121273
"853",2016-03-04,"Metro1",13339
"854",2016-03-04,"RERA",118782
"855",2016-03-05,"Metro1",5337
"856",2016-03-05,"RERA",45209
"857",2016-03-06,"Metro1",3421
"858",2016-03-06,"RERA",27605
"859",2016-03-07,"Metro1",14135
"860",2016-03-07,"RERA",132467
"861",2016-03-08,"Metro1",14878
"862",2016-03-08,"RERA",134279
"863",2016-03-09,"Metro1",15322
"864",2016-03-09,"RERA",109098
"865",2016-03-10,"Metro1",15082
"866",2016-03-10,"RERA",135223
"867",2016-03-11,"Metro1",14727
"868",2016-03-11,"RERA",133748
"869",2016-03-12,"Metro1",6070
"870",2016-03-12,"RERA",51735
"871",2016-03-13,"Metro1",3877
"872",2016-03-13,"RERA",31334
"873",2016-03-14,"Metro1",14426
"874",2016-03-14,"RERA",133759
"875",2016-03-15,"Metro1",14757
"876",2016-03-15,"RERA",135902
"877",2016-03-16,"Metro1",14722
"878",2016-03-16,"RERA",135029
"879",2016-03-17,"Metro1",14012
"880",2016-03-17,"RERA",138703
"881",2016-03-18,"Metro1",15035
"882",2016-03-18,"RERA",130086
"883",2016-03-19,"Metro1",6116
"884",2016-03-19,"RERA",49596
"885",2016-03-20,"Metro1",3670
"886",2016-03-20,"RERA",29662
"887",2016-03-21,"Metro1",14366
"888",2016-03-21,"RERA",131401
"889",2016-03-22,"Metro1",14972
"890",2016-03-22,"RERA",137707
"891",2016-03-23,"Metro1",14560
"892",2016-03-23,"RERA",130699
"893",2016-03-24,"Metro1",15745
"894",2016-03-24,"RERA",134820
"895",2016-03-25,"Metro1",14090
"896",2016-03-25,"RERA",127327
"897",2016-03-26,"Metro1",5321
"898",2016-03-26,"RERA",44146
"899",2016-03-27,"Metro1",3436
"900",2016-03-27,"RERA",28232
"901",2016-03-28,"Metro1",3451
"902",2016-03-28,"RERA",28535
"903",2016-03-29,"Metro1",14282
"904",2016-03-29,"RERA",128815
"905",2016-03-30,"Metro1",14996
"906",2016-03-30,"RERA",131902
"907",2016-03-31,"Metro1",17346
"908",2016-03-31,"RERA",115022
"909",2016-04-01,"Metro1",15027
"910",2016-04-01,"RERA",129453
"911",2016-04-02,"Metro1",6651
"912",2016-04-02,"RERA",49027
"913",2016-04-03,"Metro1",4353
"914",2016-04-03,"RERA",31101
"915",2016-04-04,"Metro1",14402
"916",2016-04-04,"RERA",131720
"917",2016-04-05,"Metro1",15233
"918",2016-04-05,"RERA",137364
"919",2016-04-06,"Metro1",15141
"920",2016-04-06,"RERA",134698
"921",2016-04-07,"Metro1",15635
"922",2016-04-07,"RERA",139262
"923",2016-04-08,"Metro1",15386
"924",2016-04-08,"RERA",136486
"925",2016-04-09,"Metro1",7315
"926",2016-04-09,"RERA",57407
"927",2016-04-10,"Metro1",4289
"928",2016-04-10,"RERA",36298
"929",2016-04-11,"Metro1",14348
"930",2016-04-11,"RERA",129769
"931",2016-04-12,"Metro1",15158
"932",2016-04-12,"RERA",137299
"933",2016-04-13,"Metro1",14483
"934",2016-04-13,"RERA",129242
"935",2016-04-14,"Metro1",15396
"936",2016-04-14,"RERA",134213
"937",2016-04-15,"Metro1",14913
"938",2016-04-15,"RERA",130996
"939",2016-04-16,"Metro1",6509
"940",2016-04-16,"RERA",53270
"941",2016-04-17,"Metro1",4267
"942",2016-04-17,"RERA",30844
"943",2016-04-18,"Metro1",13813
"944",2016-04-18,"RERA",117601
"945",2016-04-19,"Metro1",14143
"946",2016-04-19,"RERA",117655
"947",2016-04-20,"Metro1",14208
"948",2016-04-20,"RERA",115439
"949",2016-04-21,"Metro1",14159
"950",2016-04-21,"RERA",110917
"951",2016-04-22,"Metro1",13703
"952",2016-04-22,"RERA",121791
"953",2016-04-23,"Metro1",5986
"954",2016-04-23,"RERA",45407
"955",2016-04-24,"Metro1",3521
"956",2016-04-24,"RERA",27516
"957",2016-04-25,"Metro1",13038
"958",2016-04-25,"RERA",112137
"959",2016-04-26,"Metro1",14106
"960",2016-04-26,"RERA",112513
"961",2016-04-27,"Metro1",13592
"962",2016-04-27,"RERA",112981
"963",2016-04-28,"Metro1",14077
"964",2016-04-28,"RERA",113287
"965",2016-04-29,"Metro1",13471
"966",2016-04-29,"RERA",112658
"967",2016-04-30,"Metro1",5912
"968",2016-04-30,"RERA",44384
"969",2016-05-01,"Metro1",2870
"970",2016-05-01,"RERA",23159
"971",2016-05-02,"Metro1",13535
"972",2016-05-02,"RERA",126371
"973",2016-05-03,"Metro1",14529
"974",2016-05-03,"RERA",130625
"975",2016-05-04,"Metro1",13925
"976",2016-05-04,"RERA",128351
"977",2016-05-05,"Metro1",4985
"978",2016-05-05,"RERA",41103
"979",2016-05-06,"Metro1",9019
"980",2016-05-06,"RERA",77538
"981",2016-05-07,"Metro1",5506
"982",2016-05-07,"RERA",43641
"983",2016-05-08,"Metro1",3699
"984",2016-05-08,"RERA",29221
"985",2016-05-09,"Metro1",13737
"986",2016-05-09,"RERA",126096
"987",2016-05-10,"Metro1",14837
"988",2016-05-10,"RERA",133689
"989",2016-05-11,"Metro1",14557
"990",2016-05-11,"RERA",131117
"991",2016-05-12,"Metro1",14673
"992",2016-05-12,"RERA",136929
"993",2016-05-13,"Metro1",14341
"994",2016-05-13,"RERA",131628
"995",2016-05-14,"Metro1",6093
"996",2016-05-14,"RERA",47242
"997",2016-05-15,"Metro1",3723
"998",2016-05-15,"RERA",29988
"999",2016-05-16,"Metro1",5128
"1000",2016-05-16,"RERA",44160
"1001",2016-05-17,"Metro1",14086
"1002",2016-05-17,"RERA",130132
"1003",2016-05-18,"Metro1",15725
"1004",2016-05-18,"RERA",129071
"1005",2016-05-19,"Metro1",15807
"1006",2016-05-19,"RERA",129497
"1007",2016-05-20,"Metro1",14962
"1008",2016-05-20,"RERA",134388
"1009",2016-05-21,"Metro1",6493
"1010",2016-05-21,"RERA",47043
"1011",2016-05-22,"Metro1",3569
"1012",2016-05-22,"RERA",27888
"1013",2016-05-23,"Metro1",14325
"1014",2016-05-23,"RERA",129234
"1015",2016-05-24,"Metro1",14861
"1016",2016-05-24,"RERA",138105
"1017",2016-05-25,"Metro1",16348
"1018",2016-05-25,"RERA",133524
"1019",2016-05-26,"Metro1",15740
"1020",2016-05-26,"RERA",134337
"1021",2016-05-27,"Metro1",15237
"1022",2016-05-27,"RERA",134550
"1023",2016-05-28,"Metro1",6468
"1024",2016-05-28,"RERA",50909
"1025",2016-05-29,"Metro1",3825
"1026",2016-05-29,"RERA",31529
"1027",2016-05-30,"Metro1",14755
"1028",2016-05-30,"RERA",127817
"1029",2016-05-31,"Metro1",13578
"1030",2016-05-31,"RERA",131803
"1031",2016-06-01,"Metro1",14369
"1032",2016-06-01,"RERA",130066
"1033",2016-06-02,"Metro1",15889
"1034",2016-06-02,"RERA",135807
"1035",2016-06-03,"Metro1",15505
"1036",2016-06-03,"RERA",137714
"1037",2016-06-04,"Metro1",6698
"1038",2016-06-04,"RERA",53050
"1039",2016-06-05,"Metro1",4035
"1040",2016-06-05,"RERA",31596
"1041",2016-06-06,"Metro1",14641
"1042",2016-06-06,"RERA",131522
"1043",2016-06-07,"Metro1",15587
"1044",2016-06-07,"RERA",135951
"1045",2016-06-08,"Metro1",15321
"1046",2016-06-08,"RERA",134309
"1047",2016-06-09,"Metro1",16122
"1048",2016-06-09,"RERA",136278
"1049",2016-06-10,"Metro1",14696
"1050",2016-06-10,"RERA",130517
"1051",2016-06-11,"Metro1",6044
"1052",2016-06-11,"RERA",44648
"1053",2016-06-12,"Metro1",3671
"1054",2016-06-12,"RERA",27323
"1055",2016-06-13,"Metro1",14971
"1056",2016-06-13,"RERA",129174
"1057",2016-06-14,"Metro1",15545
"1058",2016-06-14,"RERA",127447
"1059",2016-06-15,"Metro1",16022
"1060",2016-06-15,"RERA",126469
"1061",2016-06-16,"Metro1",15577
"1062",2016-06-16,"RERA",130820
"1063",2016-06-17,"Metro1",15270
"1064",2016-06-17,"RERA",128314
"1065",2016-06-18,"Metro1",6484
"1066",2016-06-18,"RERA",49697
"1067",2016-06-19,"Metro1",3718
"1068",2016-06-19,"RERA",30688
"1069",2016-06-20,"Metro1",14826
"1070",2016-06-20,"RERA",127444
"1071",2016-06-21,"Metro1",15423
"1072",2016-06-21,"RERA",136691
"1073",2016-06-22,"Metro1",15368
"1074",2016-06-22,"RERA",132720
"1075",2016-06-23,"Metro1",16343
"1076",2016-06-23,"RERA",136113
"1077",2016-06-24,"Metro1",15180
"1078",2016-06-24,"RERA",131565
"1079",2016-06-25,"Metro1",6845
"1080",2016-06-25,"RERA",49763
"1081",2016-06-26,"Metro1",4376
"1082",2016-06-26,"RERA",31590
"1083",2016-06-27,"Metro1",15804
"1084",2016-06-27,"RERA",122454
"1085",2016-06-28,"Metro1",16035
"1086",2016-06-28,"RERA",131041
"1087",2016-06-29,"Metro1",15876
"1088",2016-06-29,"RERA",127735
"1089",2016-06-30,"Metro1",16305
"1090",2016-06-30,"RERA",128253
"1091",2016-07-01,"Metro1",14204
"1092",2016-07-01,"RERA",120062
"1093",2016-07-02,"Metro1",6752
"1094",2016-07-02,"RERA",51614
"1095",2016-07-03,"Metro1",4485
"1096",2016-07-03,"RERA",34658
"1097",2016-07-04,"Metro1",15003
"1098",2016-07-04,"RERA",123025
"1099",2016-07-05,"Metro1",15540
"1100",2016-07-05,"RERA",122220
"1101",2016-07-06,"Metro1",15419
"1102",2016-07-06,"RERA",122850
"1103",2016-07-07,"Metro1",15929
"1104",2016-07-07,"RERA",125306
"1105",2016-07-08,"Metro1",17372
"1106",2016-07-08,"RERA",121642
"1107",2016-07-09,"Metro1",6572
"1108",2016-07-09,"RERA",48486
"1109",2016-07-10,"Metro1",4566
"1110",2016-07-10,"RERA",32402
"1111",2016-07-11,"Metro1",14438
"1112",2016-07-11,"RERA",119310
"1113",2016-07-12,"Metro1",13510
"1114",2016-07-12,"RERA",125275
"1115",2016-07-13,"Metro1",14317
"1116",2016-07-13,"RERA",120814
"1117",2016-07-14,"Metro1",5
"1118",2016-07-14,"RERA",39267
"1119",2016-07-15,"RERA",78669
"1120",2016-07-16,"RERA",42616
"1121",2016-07-17,"RERA",28176
"1122",2016-07-18,"Metro1",12582
"1123",2016-07-18,"RERA",111064
"1124",2016-07-19,"Metro1",14512
"1125",2016-07-19,"RERA",114884
"1126",2016-07-20,"Metro1",13649
"1127",2016-07-20,"RERA",114564
"1128",2016-07-21,"Metro1",14128
"1129",2016-07-21,"RERA",116094
"1130",2016-07-22,"Metro1",14594
"1131",2016-07-22,"RERA",112177
"1132",2016-07-23,"Metro1",14463
"1133",2016-07-23,"RERA",39897
"1134",2016-07-24,"Metro1",9918
"1135",2016-07-24,"RERA",25129
"1136",2016-07-25,"Metro1",28193
"1137",2016-07-25,"RERA",78687
"1138",2016-07-26,"Metro1",28500
"1139",2016-07-26,"RERA",83746
"1140",2016-07-27,"Metro1",27544
"1141",2016-07-27,"RERA",78381
"1142",2016-07-28,"Metro1",27123
"1143",2016-07-28,"RERA",74236
"1144",2016-07-29,"Metro1",27372
"1145",2016-07-29,"RERA",68398
"1146",2016-07-30,"Metro1",12507
"1147",2016-07-30,"RERA",27394
"1148",2016-07-31,"Metro1",8210
"1149",2016-07-31,"RERA",18063
"1150",2016-08-01,"Metro1",22366
"1151",2016-08-01,"RERA",60013
"1152",2016-08-02,"Metro1",23777
"1153",2016-08-02,"RERA",64474
"1154",2016-08-03,"Metro1",23535
"1155",2016-08-03,"RERA",62438
"1156",2016-08-04,"Metro1",21823
"1157",2016-08-04,"RERA",62638
"1158",2016-08-05,"Metro1",22267
"1159",2016-08-05,"RERA",58865
"1160",2016-08-06,"Metro1",10998
"1161",2016-08-06,"RERA",24773
"1162",2016-08-07,"Metro1",7366
"1163",2016-08-07,"RERA",16678
"1164",2016-08-08,"Metro1",20764
"1165",2016-08-08,"RERA",55113
"1166",2016-08-09,"Metro1",20445
"1167",2016-08-09,"RERA",57114
"1168",2016-08-10,"Metro1",18173
"1169",2016-08-10,"RERA",55608
"1170",2016-08-11,"Metro1",17061
"1171",2016-08-11,"RERA",56622
"1172",2016-08-12,"Metro1",19295
"1173",2016-08-12,"RERA",53311
"1174",2016-08-13,"Metro1",10381
"1175",2016-08-13,"RERA",23674
"1176",2016-08-14,"Metro1",7409
"1177",2016-08-14,"RERA",18635
"1178",2016-08-15,"Metro1",7625
"1179",2016-08-15,"RERA",18873
"1180",2016-08-16,"Metro1",20221
"1181",2016-08-16,"RERA",54198
"1182",2016-08-17,"Metro1",21904
"1183",2016-08-17,"RERA",62023
"1184",2016-08-18,"Metro1",21535
"1185",2016-08-18,"RERA",56375
"1186",2016-08-19,"Metro1",21120
"1187",2016-08-19,"RERA",54680
"1188",2016-08-20,"Metro1",11057
"1189",2016-08-20,"RERA",24543
"1190",2016-08-21,"Metro1",7276
"1191",2016-08-21,"RERA",17774
"1192",2016-08-22,"Metro1",12050
"1193",2016-08-22,"RERA",81758
"1194",2016-08-23,"Metro1",8557
"1195",2016-08-23,"RERA",63323
"1196",2016-08-24,"Metro1",11798
"1197",2016-08-24,"RERA",89856
"1198",2016-08-25,"Metro1",11518
"1199",2016-08-25,"RERA",90823
"1200",2016-08-26,"Metro1",11407
"1201",2016-08-26,"RERA",94672
"1202",2016-08-27,"Metro1",5096
"1203",2016-08-27,"RERA",36261
"1204",2016-08-28,"Metro1",3423
"1205",2016-08-28,"RERA",25987
"1206",2016-08-29,"Metro1",11249
"1207",2016-08-29,"RERA",97603
"1208",2016-08-30,"Metro1",12030
"1209",2016-08-30,"RERA",100917
"1210",2016-08-31,"Metro1",12151
"1211",2016-08-31,"RERA",101377
"1212",2016-09-01,"Metro1",12581
"1213",2016-09-01,"RERA",110441
"1214",2016-09-02,"Metro1",13179
"1215",2016-09-02,"RERA",115313
"1216",2016-09-03,"Metro1",5719
"1217",2016-09-03,"RERA",44636
"1218",2016-09-04,"Metro1",3563
"1219",2016-09-04,"RERA",28537
"1220",2016-09-05,"Metro1",13958
"1221",2016-09-05,"RERA",123383
"1222",2016-09-06,"Metro1",14305
"1223",2016-09-06,"RERA",127968
"1224",2016-09-07,"Metro1",14191
"1225",2016-09-07,"RERA",125770
"1226",2016-09-08,"Metro1",14867
"1227",2016-09-08,"RERA",127561
"1228",2016-09-09,"Metro1",14517
"1229",2016-09-09,"RERA",126455
"1230",2016-09-10,"Metro1",5907
"1231",2016-09-10,"RERA",46600
"1232",2016-09-11,"Metro1",3451
"1233",2016-09-11,"RERA",24744
"1234",2016-09-12,"Metro1",13729
"1235",2016-09-12,"RERA",126691
"1236",2016-09-13,"Metro1",13414
"1237",2016-09-13,"RERA",130281
"1238",2016-09-14,"Metro1",14179
"1239",2016-09-14,"RERA",122834
"1240",2016-09-15,"Metro1",14669
"1241",2016-09-15,"RERA",110379
"1242",2016-09-16,"Metro1",14865
"1243",2016-09-16,"RERA",132907
"1244",2016-09-17,"Metro1",6198
"1245",2016-09-17,"RERA",48993
"1246",2016-09-18,"Metro1",3683
"1247",2016-09-18,"RERA",30026
"1248",2016-09-19,"Metro1",14730
"1249",2016-09-19,"RERA",133168
"1250",2016-09-20,"Metro1",14762
"1251",2016-09-20,"RERA",137508
"1252",2016-09-21,"Metro1",14464
"1253",2016-09-21,"RERA",135029
"1254",2016-09-22,"Metro1",15124
"1255",2016-09-22,"RERA",138360
"1256",2016-09-23,"Metro1",14527
"1257",2016-09-23,"RERA",134301
"1258",2016-09-24,"Metro1",6436
"1259",2016-09-24,"RERA",49756
"1260",2016-09-25,"Metro1",3738
"1261",2016-09-25,"RERA",29464
"1262",2016-09-26,"Metro1",14125
"1263",2016-09-26,"RERA",132967
"1264",2016-09-27,"Metro1",15108
"1265",2016-09-27,"RERA",139899
"1266",2016-09-28,"Metro1",15619
"1267",2016-09-28,"RERA",135897
"1268",2016-09-29,"Metro1",15408
"1269",2016-09-29,"RERA",139612
"1270",2016-09-30,"Metro1",15019
"1271",2016-09-30,"RERA",137441
"1272",2016-10-01,"Metro1",6270
"1273",2016-10-01,"RERA",46020
"1274",2016-10-02,"Metro1",3689
"1275",2016-10-02,"RERA",27990
"1276",2016-10-03,"Metro1",13977
"1277",2016-10-03,"RERA",125606
"1278",2016-10-04,"Metro1",15079
"1279",2016-10-04,"RERA",139447
"1280",2016-10-05,"Metro1",14603
"1281",2016-10-05,"RERA",133321
"1282",2016-10-06,"Metro1",13998
"1283",2016-10-06,"RERA",130101
"1284",2016-10-07,"Metro1",13451
"1285",2016-10-07,"RERA",125707
"1286",2016-10-08,"Metro1",6175
"1287",2016-10-08,"RERA",51318
"1288",2016-10-09,"Metro1",3641
"1289",2016-10-09,"RERA",31232
"1290",2016-10-10,"Metro1",14758
"1291",2016-10-10,"RERA",139569
"1292",2016-10-11,"Metro1",14768
"1293",2016-10-11,"RERA",145921
"1294",2016-10-12,"Metro1",14370
"1295",2016-10-12,"RERA",138183
"1296",2016-10-13,"Metro1",15040
"1297",2016-10-13,"RERA",142210
"1298",2016-10-14,"Metro1",15491
"1299",2016-10-14,"RERA",141229
"1300",2016-10-15,"Metro1",6254
"1301",2016-10-15,"RERA",52773
"1302",2016-10-16,"Metro1",3384
"1303",2016-10-16,"RERA",32720
"1304",2016-10-17,"Metro1",14305
"1305",2016-10-17,"RERA",139441
"1306",2016-10-18,"Metro1",15559
"1307",2016-10-18,"RERA",141858
"1308",2016-10-19,"Metro1",14597
"1309",2016-10-19,"RERA",139817
"1310",2016-10-20,"Metro1",15965
"1311",2016-10-20,"RERA",139861
"1312",2016-10-21,"Metro1",14261
"1313",2016-10-21,"RERA",138133
"1314",2016-10-22,"Metro1",5954
"1315",2016-10-22,"RERA",52375
"1316",2016-10-23,"Metro1",3463
"1317",2016-10-23,"RERA",31074
"1318",2016-10-24,"Metro1",13573
"1319",2016-10-24,"RERA",128835
"1320",2016-10-25,"Metro1",14071
"1321",2016-10-25,"RERA",129193
"1322",2016-10-26,"Metro1",13960
"1323",2016-10-26,"RERA",131063
"1324",2016-10-27,"Metro1",13928
"1325",2016-10-27,"RERA",129976
"1326",2016-10-28,"Metro1",14041
"1327",2016-10-28,"RERA",124065
"1328",2016-10-29,"Metro1",5836
"1329",2016-10-29,"RERA",50515
"1330",2016-10-30,"Metro1",3716
"1331",2016-10-30,"RERA",33513
"1332",2016-10-31,"Metro1",9572
"1333",2016-10-31,"RERA",83825
"1334",2016-11-01,"Metro1",4140
"1335",2016-11-01,"RERA",35780
"1336",2016-11-02,"Metro1",13005
"1337",2016-11-02,"RERA",125721
"1338",2016-11-03,"Metro1",14952
"1339",2016-11-03,"RERA",138276
"1340",2016-11-04,"Metro1",14858
"1341",2016-11-04,"RERA",141636
"1342",2016-11-05,"Metro1",5989
"1343",2016-11-05,"RERA",57513
"1344",2016-11-06,"Metro1",3641
"1345",2016-11-06,"RERA",34145
"1346",2016-11-07,"Metro1",14784
"1347",2016-11-07,"RERA",141671
"1348",2016-11-08,"Metro1",15272
"1349",2016-11-08,"RERA",145161
"1350",2016-11-09,"Metro1",14503
"1351",2016-11-09,"RERA",142485
"1352",2016-11-10,"Metro1",15034
"1353",2016-11-10,"RERA",133764
"1354",2016-11-11,"Metro1",4960
"1355",2016-11-11,"RERA",47537
"1356",2016-11-12,"Metro1",5558
"1357",2016-11-12,"RERA",50340
"1358",2016-11-13,"Metro1",3174
"1359",2016-11-13,"RERA",29917
"1360",2016-11-14,"Metro1",14388
"1361",2016-11-14,"RERA",139076
"1362",2016-11-15,"Metro1",15020
"1363",2016-11-15,"RERA",145975
"1364",2016-11-16,"Metro1",14471
"1365",2016-11-16,"RERA",145630
"1366",2016-11-17,"Metro1",15207
"1367",2016-11-17,"RERA",147737
"1368",2016-11-18,"Metro1",14984
"1369",2016-11-18,"RERA",146783
"1370",2016-11-19,"Metro1",6313
"1371",2016-11-19,"RERA",59056
"1372",2016-11-20,"Metro1",3446
"1373",2016-11-20,"RERA",33358
"1374",2016-11-21,"Metro1",14452
"1375",2016-11-21,"RERA",137587
"1376",2016-11-22,"Metro1",15555
"1377",2016-11-22,"RERA",144116
"1378",2016-11-23,"Metro1",10652
"1379",2016-11-23,"RERA",146372
"1380",2016-11-24,"Metro1",15127
"1381",2016-11-24,"RERA",148597
"1382",2016-11-25,"Metro1",15505
"1383",2016-11-25,"RERA",150499
"1384",2016-11-26,"Metro1",6513
"1385",2016-11-26,"RERA",60339
"1386",2016-11-27,"Metro1",4147
"1387",2016-11-27,"RERA",35716
"1388",2016-11-28,"Metro1",15404
"1389",2016-11-28,"RERA",134277
"1390",2016-11-29,"Metro1",15799
"1391",2016-11-29,"RERA",140464
"1392",2016-11-30,"Metro1",14885
"1393",2016-11-30,"RERA",138541
"1394",2016-12-01,"Metro1",14887
"1395",2016-12-01,"RERA",131608
"1396",2016-12-02,"Metro1",13935
"1397",2016-12-02,"RERA",139716
"1398",2016-12-03,"Metro1",7228
"1399",2016-12-03,"RERA",64215
"1400",2016-12-04,"Metro1",4389
"1401",2016-12-04,"RERA",35843
"1402",2016-12-05,"Metro1",16043
"1403",2016-12-05,"RERA",138067
"1404",2016-12-06,"Metro1",15
"1405",2016-12-06,"RERA",31
"1406",2016-12-08,"RERA",0
"1407",2016-12-09,"Metro1",0
"1408",2016-12-09,"RERA",29
"1409",2016-12-10,"Metro1",6752
"1410",2016-12-10,"RERA",55463
"1411",2016-12-11,"Metro1",4289
"1412",2016-12-11,"RERA",35589
"1413",2016-12-12,"Metro1",14990
"1414",2016-12-12,"RERA",136204
"1415",2016-12-13,"Metro1",15865
"1416",2016-12-13,"RERA",146158
"1417",2016-12-14,"Metro1",15461
"1418",2016-12-14,"RERA",145020
"1419",2016-12-15,"Metro1",16009
"1420",2016-12-15,"RERA",148049
"1421",2016-12-16,"RERA",0
"1422",2016-12-17,"Metro1",0
"1423",2016-12-17,"RERA",7
"1424",2016-12-18,"Metro1",4347
"1425",2016-12-18,"RERA",38242
"1426",2016-12-19,"Metro1",7694
"1427",2016-12-19,"RERA",134955
"1428",2016-12-20,"Metro1",13303
"1429",2016-12-20,"RERA",119122
"1430",2016-12-21,"Metro1",13984
"1431",2016-12-21,"RERA",128667
"1432",2016-12-22,"Metro1",13652
"1433",2016-12-22,"RERA",120545
"1434",2016-12-23,"Metro1",11215
"1435",2016-12-23,"RERA",104525
"1436",2016-12-24,"Metro1",4153
"1437",2016-12-24,"RERA",38024
"1438",2016-12-25,"Metro1",2007
"1439",2016-12-25,"RERA",17395
"1440",2016-12-26,"Metro1",7501
"1441",2016-12-26,"RERA",69055
"1442",2016-12-27,"Metro1",9714
"1443",2016-12-27,"RERA",83668
"1444",2016-12-28,"Metro1",10269
"1445",2016-12-28,"RERA",84233
"1446",2016-12-29,"Metro1",10260
"1447",2016-12-29,"RERA",84572
"1448",2016-12-30,"Metro1",9540
"1449",2016-12-30,"RERA",82992
"1450",2016-12-31,"Metro1",3125
"1451",2016-12-31,"RERA",20877
"1452",2017-01-01,"Metro1",1410
"1453",2017-01-01,"RERA",10971
"1454",2017-01-02,"Metro1",9464
"1455",2017-01-02,"RERA",85558
"1456",2017-01-03,"Metro1",13397
"1457",2017-01-03,"RERA",121641
"1458",2017-01-04,"Metro1",13969
"1459",2017-01-04,"RERA",127618
"1460",2017-01-05,"Metro1",14758
"1461",2017-01-05,"RERA",132272
"1462",2017-01-06,"Metro1",14429
"1463",2017-01-06,"RERA",131615
"1464",2017-01-07,"Metro1",5883
"1465",2017-01-07,"RERA",51600
"1466",2017-01-08,"Metro1",3182
"1467",2017-01-08,"RERA",30666
"1468",2017-01-09,"Metro1",14308
"1469",2017-01-09,"RERA",134461
"1470",2017-01-10,"Metro1",14826
"1471",2017-01-10,"RERA",137019
"1472",2017-01-11,"Metro1",15528
"1473",2017-01-11,"RERA",142158
"1474",2017-01-12,"Metro1",16902
"1475",2017-01-12,"RERA",145997
"1476",2017-01-13,"Metro1",15878
"1477",2017-01-13,"RERA",141381
"1478",2017-01-14,"Metro1",6911
"1479",2017-01-14,"RERA",61891
"1480",2017-01-15,"Metro1",4295
"1481",2017-01-15,"RERA",36828
"1482",2017-01-16,"Metro1",14878
"1483",2017-01-16,"RERA",139547
"1484",2017-01-17,"Metro1",15796
"1485",2017-01-17,"RERA",144308
"1486",2017-01-18,"Metro1",15370
"1487",2017-01-18,"RERA",138432
"1488",2017-01-19,"Metro1",15880
"1489",2017-01-19,"RERA",142593
"1490",2017-01-20,"Metro1",15399
"1491",2017-01-20,"RERA",127638
"1492",2017-01-21,"Metro1",6614
"1493",2017-01-21,"RERA",55980
"1494",2017-01-22,"Metro1",4108
"1495",2017-01-22,"RERA",32819
"1496",2017-01-23,"Metro1",15223
"1497",2017-01-23,"RERA",138695
"1498",2017-01-24,"Metro1",15421
"1499",2017-01-24,"RERA",140600
"1500",2017-01-25,"Metro1",14916
"1501",2017-01-25,"RERA",135000
"1502",2017-01-26,"Metro1",15193
"1503",2017-01-26,"RERA",143203
"1504",2017-01-27,"Metro1",14999
"1505",2017-01-27,"RERA",141726
"1506",2017-01-28,"Metro1",6285
"1507",2017-01-28,"RERA",59337
"1508",2017-01-29,"Metro1",3742
"1509",2017-01-29,"RERA",34661
"1510",2017-01-30,"Metro1",14103
"1511",2017-01-30,"RERA",139614
"1512",2017-01-31,"Metro1",14829
"1513",2017-01-31,"RERA",141981
"1514",2017-02-01,"Metro1",14370
"1515",2017-02-01,"RERA",136872
"1516",2017-02-02,"Metro1",14875
"1517",2017-02-02,"RERA",144349
"1518",2017-02-03,"Metro1",14700
"1519",2017-02-03,"RERA",143898
"1520",2017-02-04,"Metro1",6158
"1521",2017-02-04,"RERA",51800
"1522",2017-02-05,"Metro1",3804
"1523",2017-02-05,"RERA",31617
"1524",2017-02-06,"Metro1",13593
"1525",2017-02-06,"RERA",129098
"1526",2017-02-07,"Metro1",14524
"1527",2017-02-07,"RERA",133433
"1528",2017-02-08,"Metro1",14291
"1529",2017-02-08,"RERA",131817
"1530",2017-02-09,"Metro1",14293
"1531",2017-02-09,"RERA",129951
"1532",2017-02-10,"Metro1",13866
"1533",2017-02-10,"RERA",127426
"1534",2017-02-11,"Metro1",5630
"1535",2017-02-11,"RERA",49370
"1536",2017-02-12,"Metro1",3427
"1537",2017-02-12,"RERA",29042
"1538",2017-02-13,"Metro1",13311
"1539",2017-02-13,"RERA",105424
"1540",2017-02-14,"Metro1",14080
"1541",2017-02-14,"RERA",118289
"1542",2017-02-15,"Metro1",13506
"1543",2017-02-15,"RERA",118657
"1544",2017-02-16,"Metro1",13488
"1545",2017-02-16,"RERA",123992
"1546",2017-02-17,"Metro1",13413
"1547",2017-02-17,"RERA",116513
"1548",2017-02-18,"Metro1",5680
"1549",2017-02-18,"RERA",49483
"1550",2017-02-19,"Metro1",3364
"1551",2017-02-19,"RERA",29809
"1552",2017-02-20,"Metro1",14662
"1553",2017-02-20,"RERA",129491
"1554",2017-02-21,"Metro1",14450
"1555",2017-02-21,"RERA",142048
"1556",2017-02-22,"Metro1",14189
"1557",2017-02-22,"RERA",138815
"1558",2017-02-23,"Metro1",14362
"1559",2017-02-23,"RERA",141744
"1560",2017-02-24,"Metro1",14408
"1561",2017-02-24,"RERA",142134
"1562",2017-02-25,"Metro1",5929
"1563",2017-02-25,"RERA",49922
"1564",2017-02-26,"Metro1",3074
"1565",2017-02-26,"RERA",28280
"1566",2017-02-27,"Metro1",13935
"1567",2017-02-27,"RERA",132650
"1568",2017-02-28,"Metro1",14618
"1569",2017-02-28,"RERA",141773
"1570",2017-03-01,"Metro1",14288
"1571",2017-03-01,"RERA",136835
"1572",2017-03-02,"Metro1",14624
"1573",2017-03-02,"RERA",137169
"1574",2017-03-03,"Metro1",14448
"1575",2017-03-03,"RERA",128009
"1576",2017-03-04,"Metro1",5646
"1577",2017-03-04,"RERA",46957
"1578",2017-03-05,"Metro1",3351
"1579",2017-03-05,"RERA",28411
"1580",2017-03-06,"Metro1",14097
"1581",2017-03-06,"RERA",133426
"1582",2017-03-07,"Metro1",14746
"1583",2017-03-07,"RERA",139723
"1584",2017-03-08,"Metro1",14472
"1585",2017-03-08,"RERA",139024
"1586",2017-03-09,"Metro1",14792
"1587",2017-03-09,"RERA",140835
"1588",2017-03-10,"Metro1",14307
"1589",2017-03-10,"RERA",141328
"1590",2017-03-11,"Metro1",6169
"1591",2017-03-11,"RERA",51294
"1592",2017-03-12,"Metro1",3435
"1593",2017-03-12,"RERA",29115
"1594",2017-03-13,"Metro1",14060
"1595",2017-03-13,"RERA",136875
"1596",2017-03-14,"Metro1",14714
"1597",2017-03-14,"RERA",143406
"1598",2017-03-15,"Metro1",14036
"1599",2017-03-15,"RERA",119297
"1600",2017-03-16,"Metro1",15180
"1601",2017-03-16,"RERA",123035
"1602",2017-03-17,"Metro1",14709
"1603",2017-03-17,"RERA",115228
"1604",2017-03-18,"Metro1",6424
"1605",2017-03-18,"RERA",39462
"1606",2017-03-19,"Metro1",3835
"1607",2017-03-19,"RERA",23312
"1608",2017-03-20,"Metro1",14054
"1609",2017-03-20,"RERA",116888
"1610",2017-03-21,"Metro1",14765
"1611",2017-03-21,"RERA",122736
"1612",2017-03-22,"Metro1",14467
"1613",2017-03-22,"RERA",118147
"1614",2017-03-23,"Metro1",15040
"1615",2017-03-23,"RERA",144791
"1616",2017-03-24,"Metro1",14776
"1617",2017-03-24,"RERA",140134
"1618",2017-03-25,"Metro1",6173
"1619",2017-03-25,"RERA",57025
"1620",2017-03-26,"Metro1",3658
"1621",2017-03-26,"RERA",34014
"1622",2017-03-27,"Metro1",13903
"1623",2017-03-27,"RERA",136855
"1624",2017-03-28,"Metro1",14458
"1625",2017-03-28,"RERA",128416
"1626",2017-03-29,"Metro1",14246
"1627",2017-03-29,"RERA",139336
"1628",2017-03-30,"Metro1",14975
"1629",2017-03-30,"RERA",144652
"1630",2017-03-31,"Metro1",14537
"1631",2017-03-31,"RERA",141311
"1632",2017-04-01,"Metro1",5581
"1633",2017-04-01,"RERA",49292
"1634",2017-04-02,"Metro1",3496
"1635",2017-04-02,"RERA",28930
"1636",2017-04-03,"Metro1",13022
"1637",2017-04-03,"RERA",125423
"1638",2017-04-04,"Metro1",13705
"1639",2017-04-04,"RERA",133530
"1640",2017-04-05,"Metro1",13729
"1641",2017-04-05,"RERA",131581
"1642",2017-04-06,"Metro1",14219
"1643",2017-04-06,"RERA",135250
"1644",2017-04-07,"Metro1",13432
"1645",2017-04-07,"RERA",122538
"1646",2017-04-08,"Metro1",5613
"1647",2017-04-08,"RERA",49275
"1648",2017-04-09,"Metro1",3707
"1649",2017-04-09,"RERA",32530
"1650",2017-04-10,"Metro1",12466
"1651",2017-04-10,"RERA",111939
"1652",2017-04-11,"Metro1",12973
"1653",2017-04-11,"RERA",121338
"1654",2017-04-12,"Metro1",13018
"1655",2017-04-12,"RERA",120650
"1656",2017-04-13,"Metro1",12982
"1657",2017-04-13,"RERA",110426
"1658",2017-04-14,"Metro1",11884
"1659",2017-04-14,"RERA",114126
"1660",2017-04-15,"Metro1",4973
"1661",2017-04-15,"RERA",44940
"1662",2017-04-16,"Metro1",3315
"1663",2017-04-16,"RERA",29673
"1664",2017-04-17,"Metro1",3575
"1665",2017-04-17,"RERA",31437
"1666",2017-04-18,"Metro1",13640
"1667",2017-04-18,"RERA",135134
"1668",2017-04-19,"Metro1",13818
"1669",2017-04-19,"RERA",137658
"1670",2017-04-20,"Metro1",14224
"1671",2017-04-20,"RERA",139447
"1672",2017-04-21,"Metro1",13651
"1673",2017-04-21,"RERA",139263
"1674",2017-04-22,"Metro1",5288
"1675",2017-04-22,"RERA",48909
"1676",2017-04-23,"Metro1",3031
"1677",2017-04-23,"RERA",29319
"1678",2017-04-24,"Metro1",13175
"1679",2017-04-24,"RERA",134153
"1680",2017-04-25,"Metro1",14275
"1681",2017-04-25,"RERA",124575
"1682",2017-04-26,"Metro1",14315
"1683",2017-04-26,"RERA",120493
"1684",2017-04-27,"Metro1",14629
"1685",2017-04-27,"RERA",91743
"1686",2017-04-28,"Metro1",13877
"1687",2017-04-28,"RERA",61213
"1688",2017-04-29,"Metro1",5697
"1689",2017-04-29,"RERA",20858
"1690",2017-04-30,"Metro1",3507
"1691",2017-04-30,"RERA",13462
"1692",2017-05-01,"Metro1",2449
"1693",2017-05-01,"RERA",13585
"1694",2017-05-02,"Metro1",14408
"1695",2017-05-02,"RERA",98647
"1696",2017-05-03,"Metro1",13811
"1697",2017-05-03,"RERA",135749
"1698",2017-05-04,"Metro1",15252
"1699",2017-05-04,"RERA",135857
"1700",2017-05-05,"Metro1",0
"1701",2017-05-05,"RERA",140056
"1702",2017-05-06,"RERA",48231
"1703",2017-05-07,"RERA",33887
"1704",2017-05-08,"RERA",35289
"1705",2017-05-09,"Metro1",12511
"1706",2017-05-09,"RERA",135530
"1707",2017-05-10,"Metro1",13631
"1708",2017-05-10,"RERA",134092
"1709",2017-05-11,"Metro1",14078
"1710",2017-05-11,"RERA",140202
"1711",2017-05-12,"Metro1",13800
"1712",2017-05-12,"RERA",135795
"1713",2017-05-13,"Metro1",5673
"1714",2017-05-13,"RERA",52310
"1715",2017-05-14,"Metro1",3229
"1716",2017-05-14,"RERA",29935
"1717",2017-05-15,"Metro1",13530
"1718",2017-05-15,"RERA",132699
"1719",2017-05-16,"Metro1",14276
"1720",2017-05-16,"RERA",140023
"1721",2017-05-17,"Metro1",13856
"1722",2017-05-17,"RERA",138109
"1723",2017-05-18,"Metro1",14304
"1724",2017-05-18,"RERA",141808
"1725",2017-05-19,"Metro1",14188
"1726",2017-05-19,"RERA",139635
"1727",2017-05-20,"Metro1",5773
"1728",2017-05-20,"RERA",52396
"1729",2017-05-21,"Metro1",3302
"1730",2017-05-21,"RERA",32121
"1731",2017-05-22,"Metro1",13336
"1732",2017-05-22,"RERA",132372
"1733",2017-05-23,"Metro1",13853
"1734",2017-05-23,"RERA",132593
"1735",2017-05-24,"Metro1",13221
"1736",2017-05-24,"RERA",115245
"1737",2017-05-25,"Metro1",4684
"1738",2017-05-25,"RERA",36522
"1739",2017-05-26,"Metro1",7873
"1740",2017-05-26,"RERA",68510
"1741",2017-05-27,"Metro1",4579
"1742",2017-05-27,"RERA",32724
"1743",2017-05-28,"Metro1",2884
"1744",2017-05-28,"RERA",26550
"1745",2017-05-29,"Metro1",12523
"1746",2017-05-29,"RERA",122647
"1747",2017-05-30,"Metro1",13940
"1748",2017-05-30,"RERA",132503
"1749",2017-05-31,"Metro1",13641
"1750",2017-05-31,"RERA",131335
"1751",2017-06-01,"Metro1",14071
"1752",2017-06-01,"RERA",137379
"1753",2017-06-02,"Metro1",13575
"1754",2017-06-02,"RERA",118664
"1755",2017-06-03,"Metro1",5123
"1756",2017-06-03,"RERA",45079
"1757",2017-06-04,"Metro1",3248
"1758",2017-06-04,"RERA",29690
"1759",2017-06-05,"Metro1",4830
"1760",2017-06-05,"RERA",42380
"1761",2017-06-06,"Metro1",14040
"1762",2017-06-06,"RERA",138372
"1763",2017-06-07,"Metro1",13621
"1764",2017-06-07,"RERA",139867
"1765",2017-06-08,"Metro1",14315
"1766",2017-06-08,"RERA",142886
"1767",2017-06-09,"Metro1",13870
"1768",2017-06-09,"RERA",141090
"1769",2017-06-10,"Metro1",5538
"1770",2017-06-10,"RERA",51938
"1771",2017-06-11,"Metro1",3172
"1772",2017-06-11,"RERA",31504
"1773",2017-06-12,"Metro1",13600
"1774",2017-06-12,"RERA",137558
"1775",2017-06-13,"Metro1",14175
"1776",2017-06-13,"RERA",127198
"1777",2017-06-14,"Metro1",14025
"1778",2017-06-14,"RERA",112654
"1779",2017-06-15,"Metro1",14098
"1780",2017-06-15,"RERA",129956
"1781",2017-06-16,"Metro1",14099
"1782",2017-06-16,"RERA",121643
"1783",2017-06-17,"Metro1",5464
"1784",2017-06-17,"RERA",41384
"1785",2017-06-18,"Metro1",3165
"1786",2017-06-18,"RERA",25207
"1787",2017-06-19,"Metro1",13399
"1788",2017-06-19,"RERA",124657
"1789",2017-06-20,"Metro1",14955
"1790",2017-06-20,"RERA",120747
"1791",2017-06-21,"Metro1",14340
"1792",2017-06-21,"RERA",123143
"1793",2017-06-22,"Metro1",14505
"1794",2017-06-22,"RERA",129123
"1795",2017-06-23,"Metro1",13922
"1796",2017-06-23,"RERA",124964
"1797",2017-06-24,"Metro1",5894
"1798",2017-06-24,"RERA",45929
"1799",2017-06-25,"Metro1",3751
"1800",2017-06-25,"RERA",30858
"1801",2017-06-26,"Metro1",13491
"1802",2017-06-26,"RERA",127124
"1803",2017-06-27,"Metro1",14199
"1804",2017-06-27,"RERA",133278
"1805",2017-06-28,"Metro1",15385
"1806",2017-06-28,"RERA",134669
"1807",2017-06-29,"Metro1",13776
"1808",2017-06-29,"RERA",137726
"1809",2017-06-30,"Metro1",12820
"1810",2017-06-30,"RERA",122672
"1811",2017-07-01,"Metro1",5358
"1812",2017-07-01,"RERA",43470
"1813",2017-07-02,"Metro1",3748
"1814",2017-07-02,"RERA",30037
"1815",2017-07-03,"Metro1",14120
"1816",2017-07-03,"RERA",127841
"1817",2017-07-04,"Metro1",15819
"1818",2017-07-04,"RERA",118623
"1819",2017-07-05,"Metro1",15604
"1820",2017-07-05,"RERA",109138
"1821",2017-07-06,"Metro1",15688
"1822",2017-07-06,"RERA",106606
"1823",2017-07-07,"Metro1",14927
"1824",2017-07-07,"RERA",108347
"1825",2017-07-08,"Metro1",6245
"1826",2017-07-08,"RERA",41598
"1827",2017-07-09,"Metro1",3993
"1828",2017-07-09,"RERA",25063
"1829",2017-07-10,"Metro1",14001
"1830",2017-07-10,"RERA",90002
"1831",2017-07-11,"Metro1",14681
"1832",2017-07-11,"RERA",90762
"1833",2017-07-12,"Metro1",14367
"1834",2017-07-12,"RERA",86954
"1835",2017-07-13,"Metro1",13902
"1836",2017-07-13,"RERA",82324
"1837",2017-07-14,"Metro1",5086
"1838",2017-07-14,"RERA",31763
"1839",2017-07-15,"Metro1",5642
"1840",2017-07-15,"RERA",35836
"1841",2017-07-16,"Metro1",3724
"1842",2017-07-16,"RERA",24932
"1843",2017-07-17,"Metro1",13185
"1844",2017-07-17,"RERA",104291
"1845",2017-07-18,"Metro1",14150
"1846",2017-07-18,"RERA",101014
"1847",2017-07-19,"Metro1",13881
"1848",2017-07-19,"RERA",104310
"1849",2017-07-20,"Metro1",14235
"1850",2017-07-20,"RERA",106924
"1851",2017-07-21,"Metro1",13847
"1852",2017-07-21,"RERA",102149
"1853",2017-07-22,"Metro1",5573
"1854",2017-07-22,"RERA",38219
"1855",2017-07-23,"Metro1",3623
"1856",2017-07-23,"RERA",25213
"1857",2017-07-24,"Metro1",8558
"1858",2017-07-24,"RERA",97209
"1859",2017-07-25,"Metro1",13101
"1860",2017-07-25,"RERA",103199
"1861",2017-07-26,"Metro1",12860
"1862",2017-07-26,"RERA",101017
"1863",2017-07-27,"Metro1",12442
"1864",2017-07-27,"RERA",94613
"1865",2017-07-28,"Metro1",13409
"1866",2017-07-28,"RERA",62182
"1867",2017-07-29,"Metro1",11619
"1868",2017-07-29,"RERA",22316
"1869",2017-07-30,"Metro1",7518
"1870",2017-07-30,"RERA",17552
"1871",2017-07-31,"Metro1",24538
"1872",2017-07-31,"RERA",64007
"1873",2017-08-01,"Metro1",24718
"1874",2017-08-01,"RERA",63860
"1875",2017-08-02,"Metro1",24880
"1876",2017-08-02,"RERA",63954
"1877",2017-08-03,"Metro1",24643
"1878",2017-08-03,"RERA",60998
"1879",2017-08-04,"Metro1",23790
"1880",2017-08-04,"RERA",56956
"1881",2017-08-05,"Metro1",10830
"1882",2017-08-05,"RERA",24327
"1883",2017-08-06,"Metro1",7319
"1884",2017-08-06,"RERA",17502
"1885",2017-08-07,"Metro1",21435
"1886",2017-08-07,"RERA",51312
"1887",2017-08-08,"Metro1",22544
"1888",2017-08-08,"RERA",54164
"1889",2017-08-09,"Metro1",21525
"1890",2017-08-09,"RERA",53868
"1891",2017-08-10,"Metro1",21284
"1892",2017-08-10,"RERA",54645
"1893",2017-08-11,"Metro1",20557
"1894",2017-08-11,"RERA",50924
"1895",2017-08-12,"Metro1",10345
"1896",2017-08-12,"RERA",20341
"1897",2017-08-13,"Metro1",6397
"1898",2017-08-13,"RERA",14071
"1899",2017-08-14,"Metro1",13972
"1900",2017-08-14,"RERA",32501
"1901",2017-08-15,"Metro1",7694
"1902",2017-08-15,"RERA",11100
"1903",2017-08-16,"Metro1",18118
"1904",2017-08-16,"RERA",40386
"1905",2017-08-17,"Metro1",20498
"1906",2017-08-17,"RERA",51326
"1907",2017-08-18,"Metro1",20179
"1908",2017-08-18,"RERA",50593
"1909",2017-08-19,"Metro1",9993
"1910",2017-08-19,"RERA",22856
"1911",2017-08-20,"Metro1",6454
"1912",2017-08-20,"RERA",16109
"1913",2017-08-21,"Metro1",21483
"1914",2017-08-21,"RERA",55921
"1915",2017-08-22,"Metro1",23246
"1916",2017-08-22,"RERA",55653
"1917",2017-08-23,"Metro1",23212
"1918",2017-08-23,"RERA",53710
"1919",2017-08-24,"Metro1",24016
"1920",2017-08-24,"RERA",52844
"1921",2017-08-25,"Metro1",22602
"1922",2017-08-25,"RERA",48470
"1923",2017-08-26,"Metro1",10329
"1924",2017-08-26,"RERA",22438
"1925",2017-08-27,"Metro1",6544
"1926",2017-08-27,"RERA",14568
"1927",2017-08-28,"Metro1",11645
"1928",2017-08-28,"RERA",58302
"1929",2017-08-29,"Metro1",12231
"1930",2017-08-29,"RERA",61039
"1931",2017-08-30,"Metro1",11775
"1932",2017-08-30,"RERA",72262
"1933",2017-08-31,"Metro1",11884
"1934",2017-08-31,"RERA",80548
"1935",2017-09-01,"Metro1",11673
"1936",2017-09-01,"RERA",72159
"1937",2017-09-02,"Metro1",5319
"1938",2017-09-02,"RERA",33797
"1939",2017-09-03,"Metro1",3602
"1940",2017-09-03,"RERA",22858
"1941",2017-09-04,"Metro1",12736
"1942",2017-09-04,"RERA",89710
"1943",2017-09-05,"Metro1",13744
"1944",2017-09-05,"RERA",121500
"1945",2017-09-06,"Metro1",13626
"1946",2017-09-06,"RERA",113468
"1947",2017-09-07,"Metro1",14084
"1948",2017-09-07,"RERA",108278
"1949",2017-09-08,"Metro1",14577
"1950",2017-09-08,"RERA",123857
"1951",2017-09-09,"Metro1",5903
"1952",2017-09-09,"RERA",48992
"1953",2017-09-10,"Metro1",3622
"1954",2017-09-10,"RERA",30955
"1955",2017-09-11,"Metro1",13762
"1956",2017-09-11,"RERA",121631
"1957",2017-09-12,"Metro1",15628
"1958",2017-09-12,"RERA",121640
"1959",2017-09-13,"Metro1",14650
"1960",2017-09-13,"RERA",130023
"1961",2017-09-14,"Metro1",14604
"1962",2017-09-14,"RERA",111882
"1963",2017-09-15,"Metro1",14306
"1964",2017-09-15,"RERA",98505
"1965",2017-09-16,"Metro1",6237
"1966",2017-09-16,"RERA",43085
"1967",2017-09-17,"Metro1",3692
"1968",2017-09-17,"RERA",24514
"1969",2017-09-18,"Metro1",13862
"1970",2017-09-18,"RERA",119101
"1971",2017-09-19,"Metro1",14351
"1972",2017-09-19,"RERA",144906
"1973",2017-09-20,"Metro1",13930
"1974",2017-09-20,"RERA",139717
"1975",2017-09-21,"Metro1",14499
"1976",2017-09-21,"RERA",142011
"1977",2017-09-22,"Metro1",14317
"1978",2017-09-22,"RERA",141687
"1979",2017-09-23,"Metro1",6190
"1980",2017-09-23,"RERA",57560
"1981",2017-09-24,"Metro1",3643
"1982",2017-09-24,"RERA",33917
"1983",2017-09-25,"Metro1",13866
"1984",2017-09-25,"RERA",140339
"1985",2017-09-26,"Metro1",15216
"1986",2017-09-26,"RERA",145593
"1987",2017-09-27,"Metro1",14032
"1988",2017-09-27,"RERA",141583
"1989",2017-09-28,"Metro1",14756
"1990",2017-09-28,"RERA",145932
"1991",2017-09-29,"Metro1",14259
"1992",2017-09-29,"RERA",142594
"1993",2017-09-30,"Metro1",5669
"1994",2017-09-30,"RERA",55145
"1995",2017-10-01,"Metro1",3529
"1996",2017-10-01,"RERA",30711
"1997",2017-10-02,"Metro1",13811
"1998",2017-10-02,"RERA",138521
"1999",2017-10-03,"Metro1",14358
"2000",2017-10-03,"RERA",146470
"2001",2017-10-04,"Metro1",13861
"2002",2017-10-04,"RERA",144611
"2003",2017-10-05,"Metro1",14546
"2004",2017-10-05,"RERA",134962
"2005",2017-10-06,"Metro1",14801
"2006",2017-10-06,"RERA",143794
"2007",2017-10-07,"Metro1",6276
"2008",2017-10-07,"RERA",57593
"2009",2017-10-08,"Metro1",3644
"2010",2017-10-08,"RERA",33819
"2011",2017-10-09,"Metro1",13722
"2012",2017-10-09,"RERA",144306
"2013",2017-10-10,"Metro1",14202
"2014",2017-10-10,"RERA",140285
"2015",2017-10-11,"Metro1",14067
"2016",2017-10-11,"RERA",144270
"2017",2017-10-12,"Metro1",14671
"2018",2017-10-12,"RERA",146986
"2019",2017-10-13,"Metro1",14598
"2020",2017-10-13,"RERA",148023
"2021",2017-10-14,"Metro1",5977
"2022",2017-10-14,"RERA",58719
"2023",2017-10-15,"Metro1",3731
"2024",2017-10-15,"RERA",35269
"2025",2017-10-16,"Metro1",10926
"2026",2017-10-16,"RERA",152368
"2027",2017-10-17,"Metro1",14485
"2028",2017-10-17,"RERA",152082
"2029",2017-10-18,"Metro1",14262
"2030",2017-10-18,"RERA",149191
"2031",2017-10-19,"Metro1",14835
"2032",2017-10-19,"RERA",150401
"2033",2017-10-20,"Metro1",14335
"2034",2017-10-20,"RERA",149438
"2035",2017-10-21,"Metro1",5801
"2036",2017-10-21,"RERA",56417
"2037",2017-10-22,"Metro1",4201
"2038",2017-10-22,"RERA",36394
"2039",2017-10-23,"Metro1",13695
"2040",2017-10-23,"RERA",140674
"2041",2017-10-24,"Metro1",14010
"2042",2017-10-24,"RERA",143786
"2043",2017-10-25,"Metro1",14224
"2044",2017-10-25,"RERA",144596
"2045",2017-10-26,"Metro1",13952
"2046",2017-10-26,"RERA",143985
"2047",2017-10-27,"Metro1",13956
"2048",2017-10-27,"RERA",140785
"2049",2017-10-28,"Metro1",5730
"2050",2017-10-28,"RERA",55540
"2051",2017-10-29,"Metro1",3312
"2052",2017-10-29,"RERA",34022
"2053",2017-10-30,"Metro1",11546
"2054",2017-10-30,"RERA",114412
"2055",2017-10-31,"Metro1",14896
"2056",2017-10-31,"RERA",53547
"2057",2017-11-01,"Metro1",6555
"2058",2017-11-01,"RERA",32427
"2059",2017-11-02,"Metro1",13230
"2060",2017-11-02,"RERA",114065
"2061",2017-11-03,"Metro1",12768
"2062",2017-11-03,"RERA",116926
"2063",2017-11-04,"Metro1",5666
"2064",2017-11-04,"RERA",55222
"2065",2017-11-05,"Metro1",3452
"2066",2017-11-05,"RERA",34526
"2067",2017-11-06,"Metro1",14036
"2068",2017-11-06,"RERA",145234
"2069",2017-11-07,"Metro1",14477
"2070",2017-11-07,"RERA",149988
"2071",2017-11-08,"Metro1",11793
"2072",2017-11-08,"RERA",148965
"2073",2017-11-09,"Metro1",14650
"2074",2017-11-09,"RERA",152097
"2075",2017-11-10,"Metro1",14620
"2076",2017-11-10,"RERA",148456
"2077",2017-11-11,"Metro1",5482
"2078",2017-11-11,"RERA",52495
"2079",2017-11-12,"Metro1",3545
"2080",2017-11-12,"RERA",33065
"2081",2017-11-13,"Metro1",14173
"2082",2017-11-13,"RERA",145178
"2083",2017-11-14,"Metro1",14810
"2084",2017-11-14,"RERA",151998
"2085",2017-11-15,"Metro1",14398
"2086",2017-11-15,"RERA",149326
"2087",2017-11-16,"Metro1",14852
"2088",2017-11-16,"RERA",152380
"2089",2017-11-17,"Metro1",14638
"2090",2017-11-17,"RERA",152576
"2091",2017-11-18,"Metro1",5894
"2092",2017-11-18,"RERA",49927
"2093",2017-11-19,"Metro1",3589
"2094",2017-11-19,"RERA",29582
"2095",2017-11-20,"Metro1",13853
"2096",2017-11-20,"RERA",127507
"2097",2017-11-21,"Metro1",14454
"2098",2017-11-21,"RERA",152611
"2099",2017-11-22,"Metro1",14835
"2100",2017-11-22,"RERA",149470
"2101",2017-11-23,"Metro1",15504
"2102",2017-11-23,"RERA",159647
"2103",2017-11-24,"Metro1",15723
"2104",2017-11-24,"RERA",143116
"2105",2017-11-25,"Metro1",7223
"2106",2017-11-25,"RERA",68082
"2107",2017-11-26,"Metro1",4316
"2108",2017-11-26,"RERA",40213
"2109",2017-11-27,"Metro1",14835
"2110",2017-11-27,"RERA",149048
"2111",2017-11-28,"Metro1",15103
"2112",2017-11-28,"RERA",155944
"2113",2017-11-29,"Metro1",14753
"2114",2017-11-29,"RERA",151217
"2115",2017-11-30,"Metro1",15686
"2116",2017-11-30,"RERA",156624
"2117",2017-12-01,"Metro1",14736
"2118",2017-12-01,"RERA",148639
"2119",2017-12-02,"Metro1",7538
"2120",2017-12-02,"RERA",70954
"2121",2017-12-03,"Metro1",4486
"2122",2017-12-03,"RERA",43967
"2123",2017-12-04,"Metro1",15069
"2124",2017-12-04,"RERA",149250
"2125",2017-12-05,"Metro1",15559
"2126",2017-12-05,"RERA",154750
"2127",2017-12-06,"Metro1",15289
"2128",2017-12-06,"RERA",153262
"2129",2017-12-07,"Metro1",16551
"2130",2017-12-07,"RERA",156012
"2131",2017-12-08,"Metro1",16194
"2132",2017-12-08,"RERA",158115
"2133",2017-12-09,"Metro1",7178
"2134",2017-12-09,"RERA",64157
"2135",2017-12-10,"Metro1",4451
"2136",2017-12-10,"RERA",39338
"2137",2017-12-11,"Metro1",15233
"2138",2017-12-11,"RERA",151324
"2139",2017-12-12,"Metro1",22984
"2140",2017-12-12,"RERA",127650
"2141",2017-12-13,"Metro1",15759
"2142",2017-12-13,"RERA",149463
"2143",2017-12-14,"Metro1",16152
"2144",2017-12-14,"RERA",157545
"2145",2017-12-15,"Metro1",16328
"2146",2017-12-15,"RERA",156958
"2147",2017-12-16,"Metro1",7644
"2148",2017-12-16,"RERA",71969
"2149",2017-12-17,"Metro1",4996
"2150",2017-12-17,"RERA",44959
"2151",2017-12-18,"Metro1",15468
"2152",2017-12-18,"RERA",150514
"2153",2017-12-19,"Metro1",16359
"2154",2017-12-19,"RERA",154938
"2155",2017-12-20,"Metro1",16353
"2156",2017-12-20,"RERA",152777
"2157",2017-12-21,"Metro1",16105
"2158",2017-12-21,"RERA",153398
"2159",2017-12-22,"Metro1",15035
"2160",2017-12-22,"RERA",143636
"2161",2017-12-23,"Metro1",6262
"2162",2017-12-23,"RERA",57228
"2163",2017-12-24,"Metro1",3730
"2164",2017-12-24,"RERA",33369
"2165",2017-12-25,"Metro1",2588
"2166",2017-12-25,"RERA",21838
"2167",2017-12-26,"Metro1",9009
"2168",2017-12-26,"RERA",83680
"2169",2017-12-27,"Metro1",9698
"2170",2017-12-27,"RERA",90523
"2171",2017-12-28,"Metro1",10428
"2172",2017-12-28,"RERA",96030
"2173",2017-12-29,"Metro1",6354
"2174",2017-12-29,"RERA",88941
"2175",2017-12-30,"Metro1",4178
"2176",2017-12-30,"RERA",49515
"2177",2017-12-31,"Metro1",1593
"2178",2017-12-31,"RERA",18072
